客戶代號,客戶,大通路,大分類,小通路,區域,營業所
E1E10138,三和輪業有限公司(久揚),BSSC,BSSC,BFP,"北區_x000D_
",北區
C1B10329,五七輪胎行,BSSC,BSSC,BFP,"北區_x000D_
",北區
E1E10150,文建輪胎行(佶建),BSSC,BSSC,BFP,"北區_x000D_
",北區
E1E10276,日亨輪胎有限公司,BSSC,BSSC,BFP,"北區_x000D_
",北區
C2A10239,協助輪胎有限公司,BSSC,BSSC,BFP,"北區_x000D_
",北區
E1E10120,協泰輪胎行,BSSC,BSSC,BFP,"北區_x000D_
",北區
C1C10413,勇和實業有限公司,BSSC,BSSC,BFP,"北區_x000D_
",北區
E1E10636,耐吉輪胎行,BSSC,BSSC,BFP,"北區_x000D_
",北區
C2B10875,健國有限公司,BSSC,BSSC,BFP,"北區_x000D_
",北區
E1E10064,章化輪胎行,BSSC,BSSC,BFP,"北區_x000D_
",北區
C2A10568,華聯輪胎股份有限公司,BSSC,BSSC,TTC,"北區_x000D_
",北區
C2B10766,萬里達輪胎行,BSSC,BSSC,BFP,"北區_x000D_
",北區
C2A10526,寬圍輪胎行,BSSC,BSSC,BFP,"北區_x000D_
",北區
E1E10333,歐珂輪胎行,BSSC,BSSC,BFP,"北區_x000D_
",北區
C2B10223,豐車實業有限公司,BSSC,BSSC,BFP,"北區_x000D_
",北區
E1E10433,文鹿汽車有限公司(穩路),BSSC,BSSC,BFP,"北區_x000D_
",北區
C2A10084,麒駪,BSSC,BSSC,BFP,"北區_x000D_
",北區
F1F10391,大順輪胎行,BSSC,BSSC,BFP,"北區_x000D_
",北區
F1F10426,中華全佑有限公司,BSSC,BSSC,BFP,"北區_x000D_
",北區
F1F10470,宏達輪胎行(寬達) ,BSSC,BSSC,BFP,"北區_x000D_
",北區
F1F10346,東昇輪胎行,BSSC,BSSC,BFP,"北區_x000D_
",北區
F1F10435,聯碩輪業有限公司(精輪),BSSC,BSSC,BFP,"北區_x000D_
",北區
F1F10139,萬豐輪胎行,BSSC,BSSC,BFP,"台中_x000D_
",台中
F1F10451,協成輪胎行,BSSC,BSSC,BFP,"台中_x000D_
",台中
H0H1A027,台中輪胎館(世全、益全),BSSC,BSSC,BFP,"台中_x000D_
",台中
H0G1E028,永兆豐輪胎行,BSSC,BSSC,BFP,"台中_x000D_
",台南
H0G1B024,托福多輪胎有限公司,BSSC,BSSC,BFP,"台中_x000D_
",高雄
H0H1A048,有勝車業有限公司(有程),BSSC,BSSC,BFP,"台中_x000D_
",高雄
H0G1A022,承億輪胎五金行,BSSC,BSSC,BFP,"台中_x000D_
",北區
H0G1E056,青益輪胎行,BSSC,BSSC,BFP,"台中_x000D_
",北區
H0H1A036,順偉輪胎有限公司,BSSC,BSSC,BFP,"台中_x000D_
",北區
H0H1A034,順德輪胎行,BSSC,BSSC,BFP,"台中_x000D_
",北區
H0G1D045,新永全輪胎行,BSSC,BSSC,BFP,"台中_x000D_
",台中
H0H1A006,盟豐輪胎有限公司(建允),BSSC,BSSC,BFP,"台中_x000D_
",台中
I1I1B113,大銘輪胎企業社,BSSC,BSSC,BFP,"台中_x000D_
",台中
I1I1B023,政茂輪胎行,BSSC,BSSC,BFP,"台中_x000D_
",員林
I1I1A012,彰化輪胎行(彰化交通),BSSC,BSSC,TTC,"台中_x000D_
",嘉義
J1J10232,太眾輪胎行,BSSC,BSSC,BFP,台南,台南
J1J10696,日泰輪胎行,BSSC,BSSC,BFP,"高雄
",高雄
J1J10690,兆億輪胎行,BSSC,BSSC,BFP,"高雄
",高雄
J1J10279,旭輝輪胎五金有限公司,BSSC,BSSC,BFP,"嘉義_x000D_
",嘉義
J1J10420,統達輪胎行,BSSC,BSSC,BFP,"嘉義_x000D_
",嘉義
K1K10170,昇益昌輪胎有限公司,BSSC,BSSC,BFP,"台南_x000D_
",台南
K1K10989,勝弘輪胎行,BSSC,BSSC,BFP,"台南_x000D_
",台南
K1K11013,榮隆國際有限公司,BSSC,BSSC,BFP,"台南_x000D_
",台南
L1L1D027,全佑輪胎行,BSSC,BSSC,BFP,"高雄_x000D_
",高雄
L1L1G033,安速輪胎有限公司(安承),BSSC,BSSC,BFP,"高雄_x000D_
",高雄
L1L1B051,宏泰輪胎行,BSSC,BSSC,BFP,"高雄_x000D_
",高雄
L1L1H024,信興輪胎行,BSSC,BSSC,BFP,"高雄_x000D_
",高雄
L1L1H032,越大輪胎有限公司(越穩),BSSC,BSSC,TTC,"高雄_x000D_
",高雄
L1L1B074,新運輪業有限公司(舜太),BSSC,BSSC,BFP,"高雄_x000D_
",高雄
L1L1F089,鼎鑫輪胎行,BSSC,BSSC,BFP,"高雄_x000D_
",高雄
L1L1H025,龍城輪胎行,BSSC,BSSC,BFP,"高雄_x000D_
",高雄
L1L1A008,聰祥輪胎行,BSSC,BSSC,BFP,"高雄_x000D_
",高雄
L1L1D026,皇升(鍠昇)輪胎有限公司,BSSC,BSSC,BFP,"高雄_x000D_
",高雄
L1L1D068,東昇輪胎行,BSSC,BSSC,BFP,"高雄_x000D_
",高雄
N1N1B105,順發輪胎行,BSSC,BSSC,BFP,"高雄_x000D_
",高雄
L1L1B040,永益鋼圈(宏盈),BSSC,BSSC,BFP,"高雄_x000D_
",高雄
E1E10327,三和輪業有限公司(久揚),BSSC,BSSC,BFP,"北區_x000D_
",北區
C1C10259,華聯輪胎股份有限公司,BSSC,BSSC,TTC,"北區_x000D_
",北區
C2B10938,萬里達輪胎行,BSSC,BSSC,BFP,"北區_x000D_
",蘆洲
E1E10113,文鹿汽車有限公司(穩路),BSSC,BSSC,BFP,"北區_x000D_
",北區
F1F10467,東昇輪胎行,BSSC,BSSC,BFP,"北區_x000D_
",北區
H0H1B110,台中輪胎館(世全、益全),BSSC,BSSC,BFP,"台中_x000D_
",台中
H0H1C019,永兆豐輪胎行,BSSC,BSSC,BFP,"台中_x000D_
",台中
H0H1A029,有勝車業有限公司(有程),BSSC,BSSC,BFP,"台中_x000D_
",台中
H0G1E015,盟豐輪胎有限公司(建允),BSSC,BSSC,BFP,"台中_x000D_
",台中
I1I1F051,彰化輪胎行(彰化交通),BSSC,BSSC,TTC,"台中_x000D_
",員林
J1J10763,日泰輪胎行,BSSC,BSSC,BFP,"嘉義_x000D_
",嘉義
N1N1A066,勝弘輪胎行,BSSC,BSSC,BFP,"台南_x000D_
",台南
L1L1G032,安速輪胎有限公司(安承),BSSC,BSSC,BFP,"高雄_x000D_
",高雄
L1L1H045,越大輪胎有限公司(越穩),BSSC,BSSC,TTC,"高雄_x000D_
",高雄
L1L1B080,新運輪業有限公司(舜太),BSSC,BSSC,BFP,"高雄_x000D_
",高雄
L1L1D051,皇升(鍠昇)輪胎有限公司,BSSC,BSSC,BFP,"高雄_x000D_
",高雄
L1L1B039,永益鋼圈(宏盈),BSSC,BSSC,BFP,"高雄_x000D_
",高雄
E1E10219,華聯輪胎股份有限公司,BSSC,BSSC,TTC,"北區_x000D_
",北區
H0H1B019,台中輪胎館(世全、益全),BSSC,BSSC,BFP,"台中_x000D_
",台中
H0H1A019,有勝車業有限公司(有程),BSSC,BSSC,BFP,"台中_x000D_
",台中
J1J10771,日泰輪胎行,BSSC,BSSC,BFP,"嘉義_x000D_
",嘉義
C1A10360,毅豐輪胎行,BSSC,BSSC,A,"北區_x000D_
",鶯歌
C1B10326,原統交通股份有限公司,BSSC,BSSC,A,"北區_x000D_
",鶯歌
C1B10327,茂芳輪胎行,BSSC,BSSC,A,"北區_x000D_
",鶯歌
C1B10328,信成車行,BSSC,BSSC,A,"北區_x000D_
",鶯歌
C1B10336,冠軍輪胎行,BSSC,BSSC,A,"北區_x000D_
",鶯歌
C1B10341,全皇輪胎有限公司,BSSC,BSSC,A,"北區_x000D_
",鶯歌
C1C10030,正和輪胎行,BSSC,BSSC,A,"北區_x000D_
",鶯歌
C1C10038,雙十輪胎行,BSSC,BSSC,A,"北區_x000D_
",鶯歌
C1C10047,鑫輝輪胎行,BSSC,BSSC,A,"北區_x000D_
",鶯歌
C1C10085,上福開發企業有限公司,BSSC,BSSC,A,"北區_x000D_
",鶯歌
C1C10118,合成輪胎行,BSSC,BSSC,A,"北區_x000D_
",鶯歌
C1C10120,土城輪胎行,BSSC,BSSC,A,"北區_x000D_
",鶯歌
C1C10122,金興輪胎行,BSSC,BSSC,A,"北區_x000D_
",鶯歌
C1C10131,廣億輪胎有限公司,BSSC,BSSC,A,"北區_x000D_
",鶯歌
C1C10132,長隆輪胎行,BSSC,BSSC,A,"北區_x000D_
",鶯歌
C1C10159,大益輪胎行,BSSC,BSSC,A,"北區_x000D_
",鶯歌
C1C10198,仁志汽車商行,BSSC,BSSC,A,"北區_x000D_
",鶯歌
C1C10215,聯晟輪胎行,BSSC,BSSC,A,"北區_x000D_
",鶯歌
C1C10231,立成輪胎打油行,BSSC,BSSC,A,"北區_x000D_
",鶯歌
C1C10335,文發輪胎行,BSSC,BSSC,A,"北區_x000D_
",鶯歌
C1C10339,永德輪胎有限公司,BSSC,BSSC,A,"北區_x000D_
",鶯歌
C1C10362,欣祐輪胎有限公司,BSSC,BSSC,A,"北區_x000D_
",鶯歌
C1C10524,宏泰汽車輪胎行,BSSC,BSSC,A,"北區_x000D_
",鶯歌
C1C10617,村旺輪胎行,BSSC,BSSC,A,"北區_x000D_
",鶯歌
C1C10658,百樂達輪胎有限公司,BSSC,BSSC,A,"北區_x000D_
",鶯歌
C2A10055,互信行有限公司,BSSC,BSSC,A,"北區_x000D_
",蘆洲
C2A10065,富信行有限公司,BSSC,BSSC,A,"北區_x000D_
",蘆洲
C2A10083,恒安達,BSSC,BSSC,A,"北區_x000D_
",蘆洲
C2A10121,銘豐實業有限公司,BSSC,BSSC,A,"北區_x000D_
",蘆洲
C2A10260,發興輪胎廠,BSSC,BSSC,A,"北區_x000D_
",蘆洲
C2A10434,世峰輪胎有限公司,BSSC,BSSC,A,"北區_x000D_
",蘆洲
C2A10441,互利有限公司,BSSC,BSSC,A,"北區_x000D_
",蘆洲
C2A10510,世昌輪胎有限公司,BSSC,BSSC,A,"北區_x000D_
",蘆洲
C2A10512,長明輪胎有限公司,BSSC,BSSC,A,"北區_x000D_
",蘆洲
C2A10593,兆勝輪胎有限公司,BSSC,BSSC,A,"北區_x000D_
",蘆洲
C2B10241,全輪企業社,BSSC,BSSC,A,"北區_x000D_
",蘆洲
C2B10430,金包里輪胎有限公司,BSSC,BSSC,A,"北區_x000D_
",蘆洲
C2B10532,金錩(金昌)輪胎行,BSSC,BSSC,A,"北區_x000D_
",鶯歌
C2B10603,世發輪胎行,BSSC,BSSC,A,"北區_x000D_
",蘆洲
C2B10744,新欣-高雄,BSSC,BSSC,A,"北區_x000D_
",蘆洲
C2B10745,"建新力新機械有限公司(力新,禾新,新欣)",BSSC,BSSC,A,"北區_x000D_
",蘆洲
C2B10771,勝安汽車商行,BSSC,BSSC,A,"北區_x000D_
",蘆洲
C2B10784,永崧輪胎行,BSSC,BSSC,A,"北區_x000D_
",蘆洲
C2B10787,宏全輪胎有限公司,BSSC,BSSC,A,"北區_x000D_
",蘆洲
C2B10788,龍源輪胎行,BSSC,BSSC,A,"北區_x000D_
",蘆洲
C2B10906,台北港輪胎有限公司,BSSC,BSSC,A,"北區_x000D_
",蘆洲
C2B10949,駿濠實業有限公司,BSSC,BSSC,A,"北區_x000D_
",蘆洲
E1E10004,藍盟輪胎行,BSSC,BSSC,A,"北區_x000D_
",桃園
E1E10020,東昌輪胎有限公司,BSSC,BSSC,A,"北區_x000D_
",桃園
E1E10023,宜成汽車材料有限公司,BSSC,BSSC,A,"北區_x000D_
",桃園
E1E10026,永基輪胎行,BSSC,BSSC,A,"北區_x000D_
",桃園
E1E10029,三盛輪胎行,BSSC,BSSC,A,"北區_x000D_
",桃園
E1E10032,維漢輪胎行,BSSC,BSSC,A,"北區_x000D_
",桃園
E1E10037,基鴻輪胎行,BSSC,BSSC,A,"北區_x000D_
",桃園
E1E10080,永新輪胎行,BSSC,BSSC,A,"北區_x000D_
",桃園
E1E10101,益達輪胎行,BSSC,BSSC,A,"北區_x000D_
",桃園
E1E10101BP,益達輪胎行,BSSC,BSSC,A,"北區_x000D_
",桃園
E1E10106,順達輪胎行,BSSC,BSSC,A,"北區_x000D_
",桃園
E1E10116,東海輪胎行,BSSC,BSSC,A,"北區_x000D_
",桃園
E1E10118,新坡輪胎行,BSSC,BSSC,A,"北區_x000D_
",桃園
E1E10125,東宏輪胎行(含高榮倉庫),BSSC,BSSC,A,"北區_x000D_
",桃園
E1E10130,生安輪胎行,BSSC,BSSC,A,"北區_x000D_
",桃園
E1E10145,順發鑫輪胎有限公司,BSSC,BSSC,A,"北區_x000D_
",桃園
E1E10151,三雄輪胎行,BSSC,BSSC,A,"北區_x000D_
",桃園
E1E10164,統駿有限公司,BSSC,BSSC,A,"北區_x000D_
",桃園
E1E10205,毅豐輪胎行,BSSC,BSSC,A,"北區_x000D_
",桃園
E1E10222,宥誠輪胎行,BSSC,BSSC,A,"北區_x000D_
",桃園
E1E10275,柏昌輪胎行,BSSC,BSSC,A,"北區_x000D_
",桃園
E1E10282,大進輪胎行,BSSC,BSSC,A,"北區_x000D_
",桃園
E1E10284,亞順輪胎行,BSSC,BSSC,A,"北區_x000D_
",桃園
E1E10292,利隆輪胎行,BSSC,BSSC,A,"北區_x000D_
",桃園
E1E10300,統順輪胎行,BSSC,BSSC,A,"北區_x000D_
",桃園
E1E10302,東盟輪胎行,BSSC,BSSC,A,"北區_x000D_
",桃園
E1E10349,欣達輪胎行,BSSC,BSSC,A,"北區_x000D_
",桃園
E1E10452,達烽輪胎行,BSSC,BSSC,A,"北區_x000D_
",桃園
E1E10525,振好汽車修理廠有限公司,BSSC,BSSC,A,"北區_x000D_
",桃園
E1E10584,裕通輪胎行,BSSC,BSSC,A,"北區_x000D_
",桃園
E1E10593,群鎰輪胎行,BSSC,BSSC,A,"北區_x000D_
",桃園
F1F10456,義燁庚輪胎行,BSSC,BSSC,A,"台中_x000D_
",頭份
F1F10458,翔通輪胎行,BSSC,BSSC,A,"台中_x000D_
",頭份
F1F10170,聯錩輪胎有限公司,BSSC,BSSC,A,"台中_x000D_
",頭份
F1F10051,佑順有限公司,BSSC,BSSC,A,"台中_x000D_
",頭份
F1F10056,新永祥輪胎有限公司,BSSC,BSSC,A,"台中_x000D_
",頭份
F1F10002,山崎輪胎行,BSSC,BSSC,A,"台中_x000D_
",頭份
F1F10493,榮益輪業有限公司,BSSC,BSSC,A,"台中_x000D_
",頭份
F1F10145,隆興輪胎行,BSSC,BSSC,A,"台中_x000D_
",頭份
F1F10487,大道輪胎行,BSSC,BSSC,A,"台中_x000D_
",頭份
F1F10104,東宏輪胎行,BSSC,BSSC,A,"台中_x000D_
",頭份
F1F10135,宏昌輪胎行,BSSC,BSSC,A,"台中_x000D_
",頭份
F1F10157,榮聯輪胎有限公司,BSSC,BSSC,A,"台中_x000D_
",頭份
F1F10158,詠昌企業社,BSSC,BSSC,A,"台中_x000D_
",頭份
F1F10166,震洋輪胎行,BSSC,BSSC,A,"台中_x000D_
",頭份
F1F10107,國鑫輪胎行,BSSC,BSSC,A,"台中_x000D_
",頭份
F1F10471,福興汽車輪胎材料行,BSSC,BSSC,A,"台中_x000D_
",頭份
F1F10014,有利輪胎行,BSSC,BSSC,A,"台中_x000D_
",頭份
F1F10032,中山輪胎修理所,BSSC,BSSC,A,"台中_x000D_
",頭份
F1F10036,盛興電機輪胎行,BSSC,BSSC,A,"台中_x000D_
",頭份
F1F10039,萬年輪胎行,BSSC,BSSC,A,"台中_x000D_
",頭份
F1F10061,萬國輪胎行,BSSC,BSSC,A,"台中_x000D_
",頭份
F1F10091,宏欣輪胎行,BSSC,BSSC,A,"台中_x000D_
",頭份
F1F10114,大順輪胎行,BSSC,BSSC,A,"台中_x000D_
",頭份
F1F10119,大豐輪胎行,BSSC,BSSC,A,"台中_x000D_
",頭份
F1F10122,永順輪胎行,BSSC,BSSC,A,"台中_x000D_
",頭份
F1F10125,佳宏輪胎行,BSSC,BSSC,A,"台中_x000D_
",頭份
F1F10138,萬福進輪胎行,BSSC,BSSC,A,"台中_x000D_
",頭份
F1F10143,見新輪胎行,BSSC,BSSC,A,"台中_x000D_
",頭份
F1F10156,東和輪胎行,BSSC,BSSC,A,"台中_x000D_
",頭份
F1F10290,仁安企業社,BSSC,BSSC,A,"台中_x000D_
",頭份
F1F10350,榮欣輪胎股份有限公司,BSSC,BSSC,A,"台中_x000D_
",頭份
F1F10406,俊達輪胎行,BSSC,BSSC,A,"台中_x000D_
",頭份
F1F10411,順輝輪胎行,BSSC,BSSC,A,"台中_x000D_
",頭份
F1F10439,東南輪胎行,BSSC,BSSC,A,"台中_x000D_
",頭份
F1F10494,吉笙輪胎行,BSSC,BSSC,A,"台中_x000D_
",頭份
F1F10526,吉成,BSSC,BSSC,A,"台中_x000D_
",頭份
H0G1A039,天佑龍企業行,BSSC,BSSC,A,"台中_x000D_
",台中
H0G1B014,忠義工業有限公司,BSSC,BSSC,A,"台中_x000D_
",台中
H0G1B034,永昇輪胎行,BSSC,BSSC,A,"台中_x000D_
",台中
H0G1C027,超鉅輪胎商行,BSSC,BSSC,A,"台中_x000D_
",台中
H0G1C032,東興輪胎行,BSSC,BSSC,A,"台中_x000D_
",台中
H0G1C036,長宏輪胎行,BSSC,BSSC,A,"台中_x000D_
",台中
H0G1C070,元盛輪胎行,BSSC,BSSC,A,"台中_x000D_
",台中
H0G1D003,有信輪胎行,BSSC,BSSC,A,"台中_x000D_
",台中
H0G1D018,昌鋊輪胎行,BSSC,BSSC,A,"台中_x000D_
",台中
H0G1D023,新興台輪胎行,BSSC,BSSC,A,"台中_x000D_
",台中
H0G1D047,新安輪胎行,BSSC,BSSC,A,"台中_x000D_
",台中
H0G1D055,瑞豐輪胎行,BSSC,BSSC,A,"台中_x000D_
",台中
H0G1D061,奇樺輪胎實業社,BSSC,BSSC,A,"台中_x000D_
",台中
H0G1E014,坤誠輪胎行,BSSC,BSSC,A,"台中_x000D_
",台中
H0G1E027,瑞騏輪胎行,BSSC,BSSC,A,"台中_x000D_
",台中
H0G1F011,友輪輪業有限公司,BSSC,BSSC,A,"台中_x000D_
",台中
H0H1A001,快成輪胎行,BSSC,BSSC,A,"台中_x000D_
",台中
H0H1A003,永安輪業部,BSSC,BSSC,A,"台中_x000D_
",台中
H0H1A008,輪安輪胎行,BSSC,BSSC,A,"台中_x000D_
",台中
H0H1A023,金明輪胎行,BSSC,BSSC,A,"台中_x000D_
",台中
H0H1A038,順榮輪胎有限公司,BSSC,BSSC,A,"台中_x000D_
",台中
H0H1A041,寶固輪胎有限公司,BSSC,BSSC,A,"台中_x000D_
",台中
H0H1A080,宗成輪胎行,BSSC,BSSC,A,"台中_x000D_
",台中
H0H1A087,全興輪胎行,BSSC,BSSC,A,"台中_x000D_
",台中
H0H1B001,帝國輪胎行,BSSC,BSSC,A,"台中_x000D_
",台中
H0H1B003,台灣精大輪實業社,BSSC,BSSC,A,"台中_x000D_
",台中
H0H1B020,明宗輪胎行,BSSC,BSSC,A,"台中_x000D_
",台中
H0H1B066,精大輪,BSSC,BSSC,A,"台中_x000D_
",台中
H0H1C016,信昌輪胎行,BSSC,BSSC,A,"台中_x000D_
",台中
H0H1C018,鎮億輪胎行,BSSC,BSSC,A,"台中_x000D_
",台中
H0H1C041,明泰輪胎行,BSSC,BSSC,A,"台中_x000D_
",台中
H0H1C048,弘達輪胎行,BSSC,BSSC,A,"台中_x000D_
",台中
H0H1D003,福興輪胎行,BSSC,BSSC,A,"台中_x000D_
",台中
H0H1D008,福泰輪胎,BSSC,BSSC,A,"台中_x000D_
",台中
H0H1D015,立祥輪胎五金商行,BSSC,BSSC,A,"台中_x000D_
",台中
H0H1D016,協盛輪胎行,BSSC,BSSC,A,"台中_x000D_
",台中
H0H1D048,明展輪胎有限公司,BSSC,BSSC,A,"台中_x000D_
",台中
H0H1E012,峰奇企業社,BSSC,BSSC,A,"台中_x000D_
",台中
H0H1E018,福居輪胎行,BSSC,BSSC,A,"台中_x000D_
",台中
H0H1E047,泰昌輪胎行,BSSC,BSSC,A,"台中_x000D_
",台中
I1I1A010,順成輪胎行,BSSC,BSSC,A,"台中_x000D_
",員林
I1I1A013,裕泰輪胎行,BSSC,BSSC,A,"台中_x000D_
",員林
I1I1A016,誠富輪胎行,BSSC,BSSC,A,"台中_x000D_
",員林
I1I1A039,勝宏汽車材料行,BSSC,BSSC,A,"台中_x000D_
",員林
I1I1B030,源隆輪胎實業有限公司,BSSC,BSSC,A,"台中_x000D_
",員林
I1I1B075,永富輪胎行,BSSC,BSSC,A,"台中_x000D_
",員林
I1I1B093,瑋勝輪胎行,BSSC,BSSC,A,"台中_x000D_
",員林
I1I1B098,穗通輪胎行,BSSC,BSSC,A,"台中_x000D_
",員林
I1I1B124,冠鴻輪胎行,BSSC,BSSC,A,"台中_x000D_
",員林
I1I1B133,大廣輪胎有限公司,BSSC,BSSC,A,"台中_x000D_
",員林
I1I1C001,大盛輪胎行,BSSC,BSSC,A,"台中_x000D_
",員林
I1I1C013,全國輪胎行,BSSC,BSSC,A,"台中_x000D_
",員林
I1I1C015,張汽車修理場,BSSC,BSSC,A,"台中_x000D_
",員林
I1I1C018,裕豐輪胎行,BSSC,BSSC,A,"台中_x000D_
",員林
I1I1C026,巨奇輪胎行,BSSC,BSSC,A,"台中_x000D_
",員林
I1I1C027,永大輪胎行,BSSC,BSSC,A,"台中_x000D_
",員林
I1I1C069,秀男加工社,BSSC,BSSC,A,"台中_x000D_
",員林
I1I1C077,觀峰輪胎行,BSSC,BSSC,A,"台中_x000D_
",員林
I1I1D002,新豐輪胎行,BSSC,BSSC,A,"台中_x000D_
",員林
I1I1D007,詠隆輪胎行,BSSC,BSSC,A,"台中_x000D_
",員林
I1I1D009,慶揚輪胎有限公司,BSSC,BSSC,A,"台中_x000D_
",員林
I1I1D012,鴻興輪胎行,BSSC,BSSC,A,"台中_x000D_
",員林
I1I1D015,長昌輪胎行,BSSC,BSSC,A,"台中_x000D_
",員林
I1I1D018,吉利來輪胎行,BSSC,BSSC,A,"台中_x000D_
",員林
I1I1F007,松億通運股份有限公司,BSSC,BSSC,A,"台中_x000D_
",員林
I1I1F020,松易貨櫃倉儲股份有限公司,BSSC,BSSC,A,"台中_x000D_
",員林
J1J10101,豐輪輪胎修理處,BSSC,BSSC,A,"嘉義_x000D_
",嘉義
J1J10115,鴻諭輪胎行,BSSC,BSSC,A,"嘉義_x000D_
",嘉義
J1J10128,久宏昇輪業有限公司,BSSC,BSSC,A,"嘉義_x000D_
",嘉義
J1J10153,合成輪胎行,BSSC,BSSC,A,"嘉義_x000D_
",嘉義
J1J10201,旭峰輪胎行,BSSC,BSSC,A,"嘉義_x000D_
",嘉義
J1J10205,新萬里輪胎行,BSSC,BSSC,A,"嘉義_x000D_
",嘉義
J1J10235,協昌輪胎修理行,BSSC,BSSC,A,"嘉義_x000D_
",嘉義
J1J10246,嘉鴻輪胎行,BSSC,BSSC,A,"嘉義_x000D_
",嘉義
J1J10248,瑞生輪胎行,BSSC,BSSC,A,"嘉義_x000D_
",嘉義
J1J10257,富元輪胎行,BSSC,BSSC,A,"嘉義_x000D_
",嘉義
J1J10266,全利輪胎行,BSSC,BSSC,A,"嘉義_x000D_
",嘉義
J1J10278,寶輝輪胎行,BSSC,BSSC,A,"嘉義_x000D_
",嘉義
J1J10359,葆興輪胎行,BSSC,BSSC,A,"嘉義_x000D_
",嘉義
J1J10396,春興輪胎行,BSSC,BSSC,A,"嘉義_x000D_
",嘉義
J1J10402,弘興輪胎行,BSSC,BSSC,A,"嘉義_x000D_
",嘉義
J1J10404,喬新輪胎行,BSSC,BSSC,A,"嘉義_x000D_
",嘉義
J1J10411,群益輪胎行,BSSC,BSSC,A,"嘉義_x000D_
",嘉義
J1J10550,嘉雲南輪胎有限公司,BSSC,BSSC,A,"嘉義_x000D_
",嘉義
J1J10599,金益輪胎行,BSSC,BSSC,A,"嘉義_x000D_
",嘉義
J1J10675,宜達輪胎行,BSSC,BSSC,A,"嘉義_x000D_
",嘉義
J1J10681,豪瑪有限公司,BSSC,BSSC,A,"嘉義_x000D_
",嘉義
J1J10693,旭成輪胎行,BSSC,BSSC,A,"嘉義_x000D_
",嘉義
J1J10715,曜毅輪胎行,BSSC,BSSC,A,"嘉義_x000D_
",嘉義
J1J10717,玖玖輪胎行,BSSC,BSSC,A,"嘉義_x000D_
",嘉義
J1J10726,西濱輪胎行,BSSC,BSSC,A,"嘉義_x000D_
",嘉義
J1J10741,宇盛交通股份有限公司,BSSC,BSSC,A,"嘉義_x000D_
",嘉義
J1J10746,達勵輪胎行,BSSC,BSSC,A,"嘉義_x000D_
",嘉義
J1J10751,弘泰輪胎企業社,BSSC,BSSC,A,"嘉義_x000D_
",嘉義
J1J10752,嘉鑫輪胎行,BSSC,BSSC,A,"嘉義_x000D_
",嘉義
K1K10025,新安輪胎企業有限公司,BSSC,BSSC,A,"台南_x000D_
",台南
K1K10030,遠愷企業有限公司,BSSC,BSSC,A,"台南_x000D_
",台南
K1K10034,振發輪胎修理站,BSSC,BSSC,A,"台南_x000D_
",台南
K1K10035,大榮輪胎行,BSSC,BSSC,A,"台南_x000D_
",台南
K1K10036,宏佳輪胎行,BSSC,BSSC,A,"台南_x000D_
",台南
K1K10044,岳泉輪胎五金有限公司,BSSC,BSSC,A,"台南_x000D_
",台南
K1K10054,有順輪胎行,BSSC,BSSC,A,"台南_x000D_
",台南
K1K10076,昇億鋼圈廠,BSSC,BSSC,A,"台南_x000D_
",台南
K1K10084,宏寶汽車百貨商行,BSSC,BSSC,A,"台南_x000D_
",台南
K1K10113,金財源輪胎有限公司,BSSC,BSSC,A,"台南_x000D_
",台南
K1K10119,新技豐輪胎行,BSSC,BSSC,A,"台南_x000D_
",台南
K1K10162,新財源輪胎行,BSSC,BSSC,A,"台南_x000D_
",台南
K1K10164,同成輪胎有限公司,BSSC,BSSC,A,"台南_x000D_
",台南
K1K10167,新豐輪胎修配所,BSSC,BSSC,A,"台南_x000D_
",台南
K1K10199,富榮實業社,BSSC,BSSC,A,"台南_x000D_
",台南
K1K10201,永佳輪胎行,BSSC,BSSC,A,"台南_x000D_
",台南
K1K10204,正宜輪胎行,BSSC,BSSC,A,"台南_x000D_
",台南
K1K10217,億樺輪胎行,BSSC,BSSC,A,"台南_x000D_
",台南
K1K10231,大強輪胎行,BSSC,BSSC,A,"台南_x000D_
",台南
K1K10239,弘展輪胎行(詠靖),BSSC,BSSC,A,"台南_x000D_
",台南
K1K10324,鐘華商行,BSSC,BSSC,A,"台南_x000D_
",台南
K1K10325,廣達輪胎行,BSSC,BSSC,A,"台南_x000D_
",台南
K1K10333,連豐輪胎行,BSSC,BSSC,A,"台南_x000D_
",台南
K1K10335,泰田輪胎有限公司,BSSC,BSSC,A,"台南_x000D_
",台南
K1K10339,嘉昇輪胎行,BSSC,BSSC,A,"台南_x000D_
",台南
K1K10366,易利輪胎行,BSSC,BSSC,A,"台南_x000D_
",台南
K1K10733,玉峰輪胎股份有限公司,BSSC,BSSC,A,"台南_x000D_
",台南
K1K10931,淞運泰實業有限公司,BSSC,BSSC,A,"台南_x000D_
",台南
K1K10992,億昌輪胎有限公司,BSSC,BSSC,A,"台南_x000D_
",台南
L1L1A010,新興輪胎行,BSSC,BSSC,A,"高雄_x000D_
",高雄
L1L1A014,宏林輪胎行,BSSC,BSSC,A,"高雄_x000D_
",高雄
L1L1A042,德成通運有限公司,BSSC,BSSC,A,"高雄_x000D_
",高雄
L1L1A044,東稷工業有限公司,BSSC,BSSC,A,"高雄_x000D_
",高雄
L1L1A057,益展輪胎行,BSSC,BSSC,A,"高雄_x000D_
",高雄
L1L1A061,章化輪胎行,BSSC,BSSC,A,"高雄_x000D_
",高雄
L1L1A062,統駿有限公司,BSSC,BSSC,A,"高雄_x000D_
",高雄
L1L1B002,元泰輪胎行,BSSC,BSSC,A,"高雄_x000D_
",高雄
L1L1B026,順興輪胎行,BSSC,BSSC,A,"高雄_x000D_
",高雄
L1L1G063,奇盛輪胎有限公司,BSSC,BSSC,A,"高雄_x000D_
",高雄
L1L1G065,輪展輪胎行,BSSC,BSSC,A,"高雄_x000D_
",高雄
L1L1B055,連強輪胎企業行,BSSC,BSSC,A,"高雄_x000D_
",高雄
L1L1H044,志信輪胎行,BSSC,BSSC,A,"高雄_x000D_
",高雄
L1L1H049,遠通輪胎行(仁豪輪胎行),BSSC,BSSC,A,"高雄_x000D_
",高雄
L1L1B077,上展輪胎行,BSSC,BSSC,A,"高雄_x000D_
",高雄
L1L1B079,喬泰輪胎行,BSSC,BSSC,A,"高雄_x000D_
",高雄
L1L1B083,保晟輪胎有限公司,BSSC,BSSC,A,"高雄_x000D_
",高雄
L1L1C010,長昌輪胎行,BSSC,BSSC,A,"高雄_x000D_
",高雄
L1L1C062,大東輪胎行,BSSC,BSSC,A,"高雄_x000D_
",高雄
L1L1C102,萬弘有限公司(吉展),BSSC,BSSC,A,"高雄_x000D_
",高雄
L1L1F029,順揚輪胎行,BSSC,BSSC,A,"高雄_x000D_
",屏東
L1L1D003,佳成輪胎行,BSSC,BSSC,A,"高雄_x000D_
",高雄
L1L1D010,東峰輪胎行,BSSC,BSSC,A,"高雄_x000D_
",高雄
L1L1C111,興鋐,BSSC,BSSC,A,"高雄_x000D_
",高雄
L1L1D018,華榮輪胎行,BSSC,BSSC,A,"高雄_x000D_
",高雄
L1L1D024,允成輪胎行,BSSC,BSSC,A,"高雄_x000D_
",高雄
L1L1D053,三連輪胎行,BSSC,BSSC,A,"高雄_x000D_
",高雄
L1L1D063,連強有限公司,BSSC,BSSC,A,"高雄_x000D_
",高雄
L1L1F085,新仁武輪胎有限公司,BSSC,BSSC,A,"高雄_x000D_
",屏東
L1L1F060,東成輪胎行,BSSC,BSSC,A,"高雄_x000D_
",屏東
L1L1F005,明昌輪胎行,BSSC,BSSC,A,"高雄_x000D_
",高雄
L1L1A073,寶膠輪胎行,BSSC,BSSC,A,"高雄_x000D_
",高雄
L1L1F032,偉特輪胎行,BSSC,BSSC,A,"高雄_x000D_
",高雄
L1L1F052,正易輪胎行,BSSC,BSSC,A,"高雄_x000D_
",高雄
L1L1F083,輝嘉輪胎行,BSSC,BSSC,A,"高雄_x000D_
",高雄
L1L1H012,凱翔輪胎行,BSSC,BSSC,A,"高雄_x000D_
",高雄
L1L1H043,日春輪胎行,BSSC,BSSC,A,"高雄_x000D_
",高雄
L1L1G015,統玉企業有限公司,BSSC,BSSC,A,"高雄_x000D_
",高雄
N1N1C035,廣益輪胎行,BSSC,BSSC,A,"高雄_x000D_
",屏東
L1L1G047,國輝輪胎行,BSSC,BSSC,A,"高雄_x000D_
",高雄
N1N1A005,東亞輪胎行,BSSC,BSSC,A,"高雄_x000D_
",屏東
L1L1G062,奇盛輪胎有限公司,BSSC,BSSC,A,"高雄_x000D_
",高雄
L1L1A033,東豊輪胎行,BSSC,BSSC,A,"高雄_x000D_
",高雄
L1L1H027,添發輪胎行,BSSC,BSSC,A,"高雄_x000D_
",高雄
L1L1H035,通利輪胎行,BSSC,BSSC,A,"高雄_x000D_
",高雄
N1N1B016,金興輪胎行,BSSC,BSSC,A,"高雄_x000D_
",屏東
L1L1H046,仁豪輪胎行,BSSC,BSSC,A,"高雄_x000D_
",高雄
L1L1G057,興達輪胎行,BSSC,BSSC,A,"高雄_x000D_
",高雄
L1L1D012,遠大輪胎有限公司(2019.02起結束營業),BSSC,BSSC,A,"高雄_x000D_
",高雄
L1L1G035,益昌輪胎行,BSSC,BSSC,A,"高雄_x000D_
",高雄
L1L1L094,昇達橡膠企業股份有限公司,BSSC,BSSC,A,"高雄_x000D_
",高雄
L1L1A058,駿豐輪胎行,BSSC,BSSC,A,"高雄_x000D_
",高雄
L1L1G020,億峰輪胎行,BSSC,BSSC,A,"高雄_x000D_
",高雄
N1N1A011,登豐輪胎行,BSSC,BSSC,A,"高雄_x000D_
",屏東
N1N1A018,日升輪胎行,BSSC,BSSC,A,"高雄_x000D_
",屏東
N1N1A020,志峰輪胎行,BSSC,BSSC,A,"高雄_x000D_
",屏東
N1N1A030,世誠輪胎行,BSSC,BSSC,A,"高雄_x000D_
",屏東
N1N1A036,青松行,BSSC,BSSC,A,"高雄_x000D_
",屏東
N1N1A061,大坂輪胎有限公司,BSSC,BSSC,A,"高雄_x000D_
",屏東
L1L1C016,宗昱輪胎行,BSSC,BSSC,A,"高雄_x000D_
",高雄
N1N1B002,坤佶輪胎行,BSSC,BSSC,A,"高雄_x000D_
",屏東
N1N1B006,豐田輪胎行,BSSC,BSSC,A,"高雄_x000D_
",屏東
N1N1A079,大眾輪胎行,BSSC,BSSC,A,"高雄_x000D_
",屏東
N1N1B040,宏通汽車百貨行,BSSC,BSSC,A,"高雄_x000D_
",屏東
N1N1B044,順展興輪胎行,BSSC,BSSC,A,"高雄_x000D_
",屏東
N1N1B051,大益輪胎行,BSSC,BSSC,A,"高雄_x000D_
",屏東
N1N1B054,一誠輪胎行,BSSC,BSSC,A,"高雄_x000D_
",屏東
N1N1B061,廣陸企業行,BSSC,BSSC,A,"高雄_x000D_
",屏東
N1N1B073,金泉輪胎行,BSSC,BSSC,A,"高雄_x000D_
",屏東
N1N1B105,順發輪胎行,BSSC,BSSC,A,"高雄_x000D_
",高雄
N1N1B131,宏鉦企業行,BSSC,BSSC,A,"高雄_x000D_
",屏東
N1N1C006,晉達輪胎行,BSSC,BSSC,A,"高雄_x000D_
",屏東
N1N1C008,勝發輪胎修理所,BSSC,BSSC,A,"高雄_x000D_
",屏東
N1N1C014,佳和工作所,BSSC,BSSC,A,"高雄_x000D_
",屏東
N1N1C015,大典企業行,BSSC,BSSC,A,"高雄_x000D_
",屏東
N1N1C034,大統企業社,BSSC,BSSC,A,"高雄_x000D_
",屏東
N1N1B063,友成輪胎行,BSSC,BSSC,A,"高雄_x000D_
",屏東
N1N1C051,新志寶輪胎有限公司,BSSC,BSSC,A,"高雄_x000D_
",屏東
L1L1G007,運鴻實業有限公司,BSSC,BSSC,A,"高雄_x000D_
",高雄
N1N1A065,友億輪胎行,BSSC,BSSC,A,"高雄_x000D_
",屏東
N1N1D019,大地輪胎行,BSSC,BSSC,A,"高雄_x000D_
",屏東
N1N1D020,嘉興輪胎行,BSSC,BSSC,A,"高雄_x000D_
",屏東
C1B10326,全皇輪胎有限公司,BSSC,BSSC,A,"北區_x000D_
",鶯歌
C2B10742,"建新力新機械有限公司(力新,禾新,新欣)",BSSC,BSSC,A,"北區_x000D_
",蘆洲
E1E10125A,東宏輪胎行(含高榮倉庫),BSSC,BSSC,A,"北區_x000D_
",桃園
C1B10334,全皇輪胎有限公司,BSSC,BSSC,A,"北區_x000D_
",鶯歌
C2B10743,"建新力新機械有限公司(力新,禾新,新欣)",BSSC,BSSC,A,"北區_x000D_
",蘆洲
C1B10362,全皇輪胎有限公司,BSSC,BSSC,A,"北區_x000D_
",鶯歌
C2B10744,"建新力新機械有限公司(力新,禾新,新欣)",BSSC,BSSC,A,"北區_x000D_
",蘆洲
C1B10369,全皇輪胎有限公司,BSSC,BSSC,A,"北區_x000D_
",鶯歌
C1C10236,全皇輪胎有限公司,BSSC,BSSC,A,"北區_x000D_
",鶯歌
C1C10237,全皇輪胎有限公司,BSSC,BSSC,A,"北區_x000D_
",鶯歌
C1C10605,全皇輪胎有限公司,BSSC,BSSC,A,"北區_x000D_
",鶯歌
C1C10606,全皇輪胎有限公司,BSSC,BSSC,A,"北區_x000D_
",鶯歌
C1C10607,全皇輪胎有限公司,BSSC,BSSC,A,"北區_x000D_
",鶯歌
C1C10608,全皇輪胎有限公司,BSSC,BSSC,A,"北區_x000D_
",鶯歌
C1C10609,全皇輪胎有限公司,BSSC,BSSC,A,"北區_x000D_
",鶯歌
C1C10610,全皇輪胎有限公司,BSSC,BSSC,A,"北區_x000D_
",鶯歌
C1C10238,冠宏輪胎有限公司,BSSC,BSSC,中盤,"北區_x000D_
",鶯歌
C1C10260,力霸輪胎五金股份有限公司,BSSC,BSSC,中盤,"北區_x000D_
",鶯歌
C2A10075,力霸輪胎五金股份有限公司,BSSC,BSSC,中盤,"北區_x000D_
",蘆洲
C2A10594,力霸輪胎五金股份有限公司,BSSC,BSSC,中盤,"北區_x000D_
",蘆洲
C2B10007,瑞登實業社,BSSC,BSSC,中盤,"北區_x000D_
",蘆洲
C2B10822,昇達橡膠企業股份有限公司,BSSC,BSSC,中盤,"北區_x000D_
",蘆洲
E1E10048,大熊行,BSSC,BSSC,中盤,"北區_x000D_
",桃園
E1E10249,全力企業社,BSSC,BSSC,中盤,"北區_x000D_
",桃園
F1F10227,慧暄實業股份有限公司,BSSC,BSSC,中盤,"台中_x000D_
",頭份
F1F10312,聖聯輪胎有限公司,BSSC,BSSC,中盤,"台中_x000D_
",頭份
F1F10459,協欣有限公司,BSSC,BSSC,中盤,"台中_x000D_
",頭份
H0G1F006,三千電器工業廠(股)公司,BSSC,BSSC,中盤,"台中_x000D_
",台中
H0G1F008,橋山貿易有限公司,BSSC,BSSC,中盤,"台中_x000D_
",台中
H0G1F012,昇達橡膠企業股份有限公司,BSSC,BSSC,中盤,"台中_x000D_
",台中
H0G1F016,慧暄實業(股)公司,BSSC,BSSC,中盤,"台中_x000D_
",台中
H0G1F054,台灣萬代輪胎(股)公司,BSSC,BSSC,中盤,"台中_x000D_
",台中
H0H1A074,力霸輪胎五金股份有限公司,BSSC,BSSC,中盤,"台中_x000D_
",台中
I1I1F055,建羽輪胎有限公司,BSSC,BSSC,中盤,"台中_x000D_
",員林
J1J10426,慧暄實業股份有限公司,BSSC,BSSC,中盤,"嘉義_x000D_
",嘉義
K1K10384,慧暄實業股份有限公司,BSSC,BSSC,中盤,"台南_x000D_
",台南
L1996000,力霸輪胎五金股份有限公司,BSSC,BSSC,中盤,"高雄_x000D_
",高雄
L1998000,慧暄實業股份有限公司,BSSC,BSSC,中盤,"高雄_x000D_
",高雄
L1L1B075,鉅大輪胎行(新勗),BSSC,BSSC,中盤,"高雄_x000D_
",高雄
L1L1E072,安信輪胎企業行,BSSC,BSSC,中盤,"高雄_x000D_
",高雄
L1L1F080,翊棟輪業有限公司,BSSC,BSSC,中盤,"高雄_x000D_
",高雄
L1L1F101,華北輪胎有限公司,BSSC,BSSC,中盤,"高雄_x000D_
",高雄
N1N1C107,仟群輪胎企業社,BSSC,BSSC,中盤,"高雄_x000D_
",屏東
C2B10008,瑞登實業社,BSSC,BSSC,中盤,"北區_x000D_
",蘆州
H0G1E043,泰昇定位輪胎行,BSSC,BSSC,一般店,"台中_x000D_
",台中
H0H1A039,益豐輪胎行,BSSC,BSSC,一般店,"台中_x000D_
",台中
L1L1A032,新東昇輪胎行,BSSC,BSSC,一般店,"高雄_x000D_
",高雄
N1N1B004,清源輪胎行,BSSC,BSSC,一般店,"高雄_x000D_
",屏東
C1C10252,春祺輪胎行,BSSC,BSSC,一般店,"北區_x000D_
",鶯歌
N1N1C067,正益,BSSC,BSSC,一般店,"高雄_x000D_
",屏東
N1N1D002,連昌輪胎行,BSSC,BSSC,一般店,"高雄_x000D_
",屏東
C1A10115,鴻毅輪胎有限公司,BSSC,BSSC,一般店,"北區_x000D_
",鶯歌
C1A10340,良偉輪胎行,BSSC,BSSC,一般店,"北區_x000D_
",鶯歌
C1B10346,鎧新輪胎行,BSSC,BSSC,一般店,"北區_x000D_
",鶯歌
C1B10375,全昱輪胎商行,BSSC,BSSC,一般店,"北區_x000D_
",鶯歌
C1C10001,至信輪胎行,BSSC,BSSC,一般店,"北區_x000D_
",鶯歌
C1C10003,泰源輪胎行,BSSC,BSSC,一般店,"北區_x000D_
",鶯歌
C1C10064,富驥輪胎行,BSSC,BSSC,一般店,"北區_x000D_
",鶯歌
C1C10113,東利輪胎行,BSSC,BSSC,一般店,"北區_x000D_
",鶯歌
C1C10134,揚明汽車企業社,BSSC,BSSC,一般店,"北區_x000D_
",鶯歌
C1C10149,明東輪胎行,BSSC,BSSC,一般店,"北區_x000D_
",鶯歌
C1C10162,成信輪胎行,BSSC,BSSC,一般店,"北區_x000D_
",鶯歌
C1C10168,旺盛輪業有限公司,BSSC,BSSC,一般店,"北區_x000D_
",鶯歌
C1C10194,宏程輪胎有限公司,BSSC,BSSC,一般店,"北區_x000D_
",鶯歌
C1C10208,大慶輪胎打油有限公司,BSSC,BSSC,一般店,"北區_x000D_
",鶯歌
C1C10211,正發輪胎行,BSSC,BSSC,一般店,"北區_x000D_
",鶯歌
C1C10224,嘉展輪胎有限公司,BSSC,BSSC,一般店,"北區_x000D_
",鶯歌
C1C10289,政昕輪業有限公司,BSSC,BSSC,一般店,"北區_x000D_
",鶯歌
C1C10341,順進輪胎商行,BSSC,BSSC,一般店,"北區_x000D_
",鶯歌
C1C10363,尚勇輪胎行,BSSC,BSSC,一般店,"北區_x000D_
",鶯歌
C1C10388,昌昇輪胎有限公司,BSSC,BSSC,一般店,"北區_x000D_
",鶯歌
C1A10368,大新輪胎行,BSSC,BSSC,一般店,"北區_x000D_
",鶯歌
C1C10406,吉泰輪胎行,BSSC,BSSC,一般店,"北區_x000D_
",鶯歌
C1C10569,鴻國鋼圈有限公司,BSSC,BSSC,一般店,"北區_x000D_
",鶯歌
C1C10660,立傑企業社,BSSC,BSSC,一般店,"北區_x000D_
",鶯歌
C1C10670,名輪輪胎有限公司,BSSC,BSSC,一般店,"北區_x000D_
",鶯歌
C2A10029,長春輪胎行,BSSC,BSSC,一般店,"北區_x000D_
",蘆洲
C2A10041,非洲汽車有限公司,BSSC,BSSC,一般店,"北區_x000D_
",蘆洲
C1C10396,晉昌企業社,BSSC,BSSC,一般店,"北區_x000D_
",鶯歌
C2A10062,富凱輪胎行,BSSC,BSSC,一般店,"北區_x000D_
",蘆洲
C2A10077,北基輪胎行,BSSC,BSSC,一般店,"北區_x000D_
",蘆洲
C2A10113,全利輪胎行,BSSC,BSSC,一般店,"北區_x000D_
",蘆洲
C2A10201,樺永有限公司,BSSC,BSSC,一般店,"北區_x000D_
",蘆洲
C2A10232,良欣輪胎行,BSSC,BSSC,一般店,"北區_x000D_
",蘆洲
C2A10339,旭懋汽車實業有限公司,BSSC,BSSC,一般店,"北區_x000D_
",蘆洲
C2A10423,富報汽車有限公司,BSSC,BSSC,一般店,"北區_x000D_
",蘆洲
C2A10429,上旺汽車商行,BSSC,BSSC,一般店,"北區_x000D_
",蘆洲
C2A10443,三新汽車商行,BSSC,BSSC,一般店,"北區_x000D_
",蘆洲
C2A10447,愛力車汽車百貨有限公司,BSSC,BSSC,一般店,"北區_x000D_
",蘆洲
C2A10543,榮達汽車商行,BSSC,BSSC,一般店,"北區_x000D_
",蘆洲
C2A1A237,凱順輪胎有限公司,BSSC,BSSC,一般店,"北區_x000D_
",蘆洲
C2B10203,順元輪胎有限公司,BSSC,BSSC,一般店,"北區_x000D_
",蘆洲
C2B10219,永強汽車材料行,BSSC,BSSC,一般店,"北區_x000D_
",蘆洲
C2B10224,俊發汽車行,BSSC,BSSC,一般店,"北區_x000D_
",蘆洲
C2B10237,宏偉輪胎有限公司,BSSC,BSSC,一般店,"北區_x000D_
",蘆洲
C2B10245,永輝車業企業社,BSSC,BSSC,一般店,"北區_x000D_
",蘆洲
C2B10782,紘達汽車有限公司,BSSC,BSSC,一般店,"北區_x000D_
",蘆洲
C2B10789,安喜輪胎行,BSSC,BSSC,一般店,"北區_x000D_
",蘆洲
C2B10863,康萊汽車商行,BSSC,BSSC,一般店,"北區_x000D_
",蘆洲
C2B10952,宗承聯合車業有限公司,BSSC,BSSC,一般店,"北區_x000D_
",蘆洲
E1E10008,三發輪胎行,BSSC,BSSC,一般店,"北區_x000D_
",桃園
E1E10019,國安輪胎行,BSSC,BSSC,一般店,"北區_x000D_
",桃園
E1E10042,慶宏輪胎行,BSSC,BSSC,一般店,"北區_x000D_
",桃園
E1E10056,鴻鎮輪胎行,BSSC,BSSC,一般店,"北區_x000D_
",桃園
E1E10057,加輻汽車股份有限公司,BSSC,BSSC,一般店,"北區_x000D_
",桃園
E1E10073,萬國輪胎行,BSSC,BSSC,一般店,"北區_x000D_
",桃園
E1E10081,嘉一輪胎行,BSSC,BSSC,一般店,"北區_x000D_
",桃園
E1E10107,新高原商行,BSSC,BSSC,一般店,"北區_x000D_
",桃園
E1E10126,秝豐輪胎有限公司,BSSC,BSSC,一般店,"北區_x000D_
",桃園
E1E10127,東亞輪胎行,BSSC,BSSC,一般店,"北區_x000D_
",桃園
E1E10147,雙誠汽車有限公司,BSSC,BSSC,一般店,"北區_x000D_
",桃園
E1E10176,北元輪胎行,BSSC,BSSC,一般店,"北區_x000D_
",桃園
E1E10179,順豐輪胎行,BSSC,BSSC,一般店,"北區_x000D_
",桃園
E1E10212,立捷輪胎行,BSSC,BSSC,一般店,"北區_x000D_
",桃園
E1E10213,大順輪胎行,BSSC,BSSC,一般店,"北區_x000D_
",桃園
E1E10257,祥建輪胎行,BSSC,BSSC,一般店,"北區_x000D_
",桃園
E1E10265,鉅鑫輪胎有限公司,BSSC,BSSC,一般店,"北區_x000D_
",桃園
E1E10274,尚定輪胎行,BSSC,BSSC,一般店,"北區_x000D_
",桃園
E1E10281,敏銓輪胎行,BSSC,BSSC,一般店,"北區_x000D_
",桃園
E1E10306,誠駿輪胎行,BSSC,BSSC,一般店,"北區_x000D_
",桃園
E1E10322,竣貫有限公司,BSSC,BSSC,一般店,"北區_x000D_
",桃園
E1E10345,正豐輪胎行(PSR),BSSC,BSSC,一般店,"北區_x000D_
",桃園
E1E10351,臺軒商行,BSSC,BSSC,一般店,"北區_x000D_
",桃園
E1E10402,長榮國際儲運股份有限公司,BSSC,BSSC,一般店,"北區_x000D_
",桃園
E1E10519,鑫連有限公司,BSSC,BSSC,一般店,"北區_x000D_
",桃園
E1E10591,東霖輪胎有限公司,BSSC,BSSC,一般店,"北區_x000D_
",桃園
F1F10005,榮昌輪胎行,BSSC,BSSC,一般店,"北區_x000D_
",頭份
F1F10060,莉米雅流通事業社,BSSC,BSSC,一般店,"北區_x000D_
",頭份
F1F10078,萬鈞輪胎企業社,BSSC,BSSC,一般店,"台中_x000D_
",頭份
F1F10102,新大興輪胎修理所,BSSC,BSSC,一般店,"台中_x000D_
",頭份
F1F10113,富都輪胎行,BSSC,BSSC,一般店,"台中_x000D_
",頭份
F1F10133,正昇輪胎行,BSSC,BSSC,一般店,"台中_x000D_
",頭份
F1F10160,益勝輪胎行,BSSC,BSSC,一般店,"北區_x000D_
",頭份
F1F10184,有豐輪胎行,BSSC,BSSC,一般店,"北區_x000D_
",頭份
F1F10229,鈺誠輪胎行,BSSC,BSSC,一般店,"北區_x000D_
",頭份
F1F10260,仁翔輪胎行,BSSC,BSSC,一般店,"北區_x000D_
",頭份
F1F10295,榮晟汽車百貨有限公司,BSSC,BSSC,一般店,"北區_x000D_
",頭份
F1F10394,大城輪胎機械股份有限公司,BSSC,BSSC,一般店,"北區_x000D_
",頭份
F1F10446,堃明輪胎行,BSSC,BSSC,一般店,"北區_x000D_
",頭份
H0G1A005,連成輪胎行,BSSC,BSSC,一般店,"台中_x000D_
",台中
H0G1A012,大安輪胎行,BSSC,BSSC,一般店,"台中_x000D_
",台中
C2A10057,吉順輪胎行,BSSC,BSSC,一般店,"北區_x000D_
",蘆洲
H0G1B008,五洲輪胎行,BSSC,BSSC,一般店,"台中_x000D_
",台中
H0G1B012,華達輪胎有限公司,BSSC,BSSC,一般店,"台中_x000D_
",台中
H0G1B019,順興輪胎行,BSSC,BSSC,一般店,"台中_x000D_
",台中
H0G1B021,廣翊輪胎行,BSSC,BSSC,一般店,"台中_x000D_
",台中
H0G1C005,弘源輪胎行,BSSC,BSSC,一般店,"台中_x000D_
",台中
H0G1C008,世源輪胎工業社,BSSC,BSSC,一般店,"台中_x000D_
",台中
H0H1C004,連新輪胎行,BSSC,BSSC,一般店,"台中_x000D_
",台中
H0G1C025,向上輪胎機油行,BSSC,BSSC,一般店,"台中_x000D_
",台中
H0G1C050,松平輪胎有限公司,BSSC,BSSC,一般店,"台中_x000D_
",台中
H0G1C064,光原輪胎行,BSSC,BSSC,一般店,"台中_x000D_
",台中
H0G1C068,吉昇汽車修配廠,BSSC,BSSC,一般店,"台中_x000D_
",台中
H0G1D017,宏泰輪胎行,BSSC,BSSC,一般店,"台中_x000D_
",台中
H0G1D020,萬事達輪胎五金行,BSSC,BSSC,一般店,"台中_x000D_
",台中
H0G1D037,宇祥汽車商行,BSSC,BSSC,一般店,"台中_x000D_
",台中
H0G1D052,宏益輪胎行(PSR),BSSC,BSSC,一般店,"台中_x000D_
",台中
H0G1D071,億豐車業有限公司,BSSC,BSSC,一般店,"台中_x000D_
",台中
H0G1E001,弘成輪胎行,BSSC,BSSC,一般店,"台中_x000D_
",台中
H0G1E004,豪輪企業社,BSSC,BSSC,一般店,"台中_x000D_
",台中
H0G1E018,台裕汽車行,BSSC,BSSC,一般店,"台中_x000D_
",台中
H0G1E021,欣興輪胎行,BSSC,BSSC,一般店,"台中_x000D_
",台中
H0G1E064,國益汽車修配廠,BSSC,BSSC,一般店,"台中_x000D_
",台中
H0H1A004,宏達輪胎有限公司,BSSC,BSSC,一般店,"台中_x000D_
",台中
H0H1A005,順仕輪胎有限公司,BSSC,BSSC,一般店,"台中_x000D_
",台中
H0H1A037,立展輪胎行,BSSC,BSSC,一般店,"台中_x000D_
",台中
H0H1A062,上綸輪胎行,BSSC,BSSC,一般店,"台中_x000D_
",台中
H0H1A071,中港輪胎行,BSSC,BSSC,一般店,"台中_x000D_
",台中
H0H1A091,輪堡有限公司,BSSC,BSSC,一般店,"台中_x000D_
",台中
H0H1B002,昶鈦輪業有限公司,BSSC,BSSC,一般店,"台中_x000D_
",台中
H0H1B028,長圓輪胎有限公司,BSSC,BSSC,一般店,"台中_x000D_
",台中
H0H1B031,益昌輪胎行,BSSC,BSSC,一般店,"台中_x000D_
",台中
H0H1B033,忠晟輪胎有限公司,BSSC,BSSC,一般店,"台中_x000D_
",台中
H0H1B034,東海汽車配件行,BSSC,BSSC,一般店,"台中_x000D_
",台中
H0H1B035,全泰輪胎行,BSSC,BSSC,一般店,"台中_x000D_
",台中
H0H1B075,鎰錩事業有限公司,BSSC,BSSC,一般店,"台中_x000D_
",台中
H0H1C030,連順汽車輪胎修配廠,BSSC,BSSC,一般店,"台中_x000D_
",台中
H0H1D002,金昌輪胎行,BSSC,BSSC,一般店,"台中_x000D_
",台中
H0H1D014,新泰輪胎行,BSSC,BSSC,一般店,"台中_x000D_
",台中
H0H1D018,權鴻輪業有限公司,BSSC,BSSC,一般店,"台中_x000D_
",台中
H0H1D021,勇成輪胎行,BSSC,BSSC,一般店,"台中_x000D_
",台中
H0H1D035,永裕輪胎行,BSSC,BSSC,一般店,"台中_x000D_
",台中
H0H1D041,超群輪胎行,BSSC,BSSC,一般店,"台中_x000D_
",台中
H0H1E004,台鉉有限公司,BSSC,BSSC,一般店,"台中_x000D_
",台中
H0H1E029,吉春輪胎行,BSSC,BSSC,一般店,"台中_x000D_
",台中
H0H1E044,利全輪胎行,BSSC,BSSC,一般店,"台中_x000D_
",台中
H0H1E058,駿鎧輪胎行,BSSC,BSSC,一般店,"台中_x000D_
",台中
H0H1E059,藝統輪胎行,BSSC,BSSC,一般店,"台中_x000D_
",台中
I1I1A004,泰全輪胎五金有限公司,BSSC,BSSC,一般店,"台中_x000D_
",員林
I1I1A005,金山記工業社,BSSC,BSSC,一般店,"台中_x000D_
",員林
I1I1A020,和慶汽車輪胎修補廠,BSSC,BSSC,一般店,"台中_x000D_
",員林
I1I1A030,花旗輪胎配件行,BSSC,BSSC,一般店,"台中_x000D_
",員林
I1I1A036,樟樺輪胎行,BSSC,BSSC,一般店,"台中_x000D_
",員林
I1I1A051,久益輪胎行,BSSC,BSSC,一般店,"台中_x000D_
",員林
I1I1A066,國豐輪胎行,BSSC,BSSC,一般店,"台中_x000D_
",員林
I1I1A080,佑鑫汽車實業社,BSSC,BSSC,一般店,"台中_x000D_
",員林
I1I1B001,新龍興輪胎行,BSSC,BSSC,一般店,"台中_x000D_
",員林
I1I1B006,安全輪胎企業有限公司,BSSC,BSSC,一般店,"台中_x000D_
",員林
I1I1B010,信輪輪胎行,BSSC,BSSC,一般店,"台中_x000D_
",員林
I1I1B020,榮輝輪胎行,BSSC,BSSC,一般店,"台中_x000D_
",員林
I1I1B026,協利汽車輪胎修配廠,BSSC,BSSC,一般店,"台中_x000D_
",員林
I1I1B035,駿昌輪胎行,BSSC,BSSC,一般店,"台中_x000D_
",員林
I1I1B038,立益輪胎行,BSSC,BSSC,一般店,"台中_x000D_
",員林
I1I1B042,榮隆輪胎行,BSSC,BSSC,一般店,"台中_x000D_
",員林
I1I1B069,明新輪胎行,BSSC,BSSC,一般店,"台中_x000D_
",員林
I1I1B070,尚益汽車百貨精品行,BSSC,BSSC,一般店,"台中_x000D_
",員林
I1I1B082,元翔輪胎行,BSSC,BSSC,一般店,"台中_x000D_
",員林
I1I1B101,宏明輪胎行,BSSC,BSSC,一般店,"台中_x000D_
",員林
I1I1B130,吉順輪胎企業社,BSSC,BSSC,一般店,"台中_x000D_
",員林
I1I1C011,新東泰輪胎行,BSSC,BSSC,一般店,"台中_x000D_
",員林
I1I1C016,安泰輪胎行,BSSC,BSSC,一般店,"台中_x000D_
",員林
I1I1C019,自成輪胎行,BSSC,BSSC,一般店,"台中_x000D_
",員林
I1I1C020,大聖汽車服務廠,BSSC,BSSC,一般店,"台中_x000D_
",員林
I1I1C021,立安輪胎行,BSSC,BSSC,一般店,"台中_x000D_
",員林
I1I1C023,和村輪胎行,BSSC,BSSC,一般店,"台中_x000D_
",員林
I1I1C024,邱永興輪胎行,BSSC,BSSC,一般店,"台中_x000D_
",員林
I1I1C029,冠翌汽車有限公司,BSSC,BSSC,一般店,"台中_x000D_
",員林
I1I1C035,世鋒汽車修配廠,BSSC,BSSC,一般店,"台中_x000D_
",員林
I1I1C036,棨南汽車修配廠,BSSC,BSSC,一般店,"台中_x000D_
",員林
I1I1C041,泰新輪胎行,BSSC,BSSC,一般店,"台中_x000D_
",員林
I1I1C044,振裕輪業有限公司,BSSC,BSSC,一般店,"台中_x000D_
",員林
I1I1C068,健業輪胎,BSSC,BSSC,一般店,"台中_x000D_
",員林
I1I1C078,大方輪胎定位,BSSC,BSSC,一般店,"台中_x000D_
",員林
I1I1D004,健誠輪胎行,BSSC,BSSC,一般店,"台中_x000D_
",員林
I1I1D011,達欣輪胎行,BSSC,BSSC,一般店,"台中_x000D_
",員林
I1I1D020,協信汽車百貨行,BSSC,BSSC,一般店,"台中_x000D_
",員林
I1I1D021,宏吉輪胎行,BSSC,BSSC,一般店,"台中_x000D_
",員林
I1I1D023,建成輪胎行,BSSC,BSSC,一般店,"台中_x000D_
",員林
I1I1D030,富揚輪胎行,BSSC,BSSC,一般店,"台中_x000D_
",員林
I1I1D033,吉利來輪胎行,BSSC,BSSC,一般店,"台中_x000D_
",員林
I1I1D037,良興輪胎行,BSSC,BSSC,一般店,"台中_x000D_
",員林
I1I1D074,動力特區汽車百貨行,BSSC,BSSC,一般店,"台中_x000D_
",員林
I1I1D076,順達企業社,BSSC,BSSC,一般店,"台中_x000D_
",員林
I1I1D081,上盈定位輪胎行,BSSC,BSSC,一般店,"台中_x000D_
",員林
J1J10113,興達汽車零件店,BSSC,BSSC,一般店,"嘉義_x000D_
",嘉義
J1J10123,新東泰輪胎行,BSSC,BSSC,一般店,"嘉義_x000D_
",嘉義
J1J10144,佳興汽車車業行,BSSC,BSSC,一般店,"嘉義_x000D_
",嘉義
J1J10161,明泰輪胎百貨行,BSSC,BSSC,一般店,"嘉義_x000D_
",嘉義
J1J10206,華興輪胎行,BSSC,BSSC,一般店,"嘉義_x000D_
",嘉義
J1J10237,元泰輪胎行,BSSC,BSSC,一般店,"嘉義_x000D_
",嘉義
J1J10274,彰彬輪胎行,BSSC,BSSC,一般店,"嘉義_x000D_
",嘉義
J1J10275,鑫貳源輪胎行,BSSC,BSSC,一般店,"嘉義_x000D_
",嘉義
J1J10311,順成輪胎行,BSSC,BSSC,一般店,"嘉義_x000D_
",嘉義
J1J10336,大明汽車修護廠,BSSC,BSSC,一般店,"嘉義_x000D_
",嘉義
J1J10357,翔泰汽車輪胎行,BSSC,BSSC,一般店,"嘉義_x000D_
",嘉義
J1J10494,國榮輪胎行,BSSC,BSSC,一般店,"嘉義_x000D_
",嘉義
J1J10510,源泰輪胎打油行,BSSC,BSSC,一般店,"嘉義_x000D_
",嘉義
J1J10685,三立汽車材料行,BSSC,BSSC,一般店,"嘉義_x000D_
",嘉義
J1J10711,順豐輪胎行,BSSC,BSSC,一般店,"嘉義_x000D_
",嘉義
J1J10744,翔福企業社,BSSC,BSSC,一般店,"嘉義_x000D_
",嘉義
J1J10764,豐銘壹輪胎行,BSSC,BSSC,一般店,"嘉義_x000D_
",嘉義
K1K10010,昌勝汽車輪胎有限公司,BSSC,BSSC,一般店,"台南_x000D_
",台南
K1K10012,新泓源輪胎行,BSSC,BSSC,一般店,"台南_x000D_
",台南
K1K10029,登昌輪胎行,BSSC,BSSC,一般店,"台南_x000D_
",台南
K1K10121,永順輪胎行,BSSC,BSSC,一般店,"台南_x000D_
",台南
K1K10126,永順汽車修配所,BSSC,BSSC,一般店,"台南_x000D_
",台南
K1K10128,鴻興輪胎行,BSSC,BSSC,一般店,"台南_x000D_
",台南
K1K10153,雲慶企業社,BSSC,BSSC,一般店,"台南_x000D_
",台南
K1K10211,宏奇輪胎有限公司,BSSC,BSSC,一般店,"台南_x000D_
",台南
K1K10254,正彬輪胎有限公司,BSSC,BSSC,一般店,"台南_x000D_
",台南
K1K10268,長益輪胎行,BSSC,BSSC,一般店,"台南_x000D_
",台南
K1K10294,楷昕企業行,BSSC,BSSC,一般店,"台南_x000D_
",台南
K1K10305,良行輪胎行,BSSC,BSSC,一般店,"台南_x000D_
",台南
K1K10308,豐昇輪胎有限公司,BSSC,BSSC,一般店,"台南_x000D_
",台南
K1K10385,蒲田有限公司,BSSC,BSSC,一般店,"台南_x000D_
",台南
L1L1A002,六翕輪胎行,BSSC,BSSC,一般店,"高雄_x000D_
",高雄
L1L1A015,志昇輪胎行,BSSC,BSSC,一般店,"高雄_x000D_
",高雄
L1L1A031,東昇行,BSSC,BSSC,一般店,"高雄_x000D_
",高雄
L1L1A063,榮誠企業行,BSSC,BSSC,一般店,"高雄_x000D_
",高雄
L1L1A071,金佰利輪胎有限公司,BSSC,BSSC,一般店,"高雄_x000D_
",高雄
L1L1B054,輪胎世家有限公司,BSSC,BSSC,一般店,"高雄_x000D_
",高雄
L1L1B076,和維實業股份有限公司,BSSC,BSSC,一般店,"高雄_x000D_
",高雄
L1L1B081,松田汽車企業行,BSSC,BSSC,一般店,"高雄_x000D_
",高雄
L1L1C061,東哥輪胎有限公司,BSSC,BSSC,一般店,"高雄_x000D_
",高雄
L1L1C096,禎薪輪胎行,BSSC,BSSC,一般店,"高雄_x000D_
",高雄
L1L1C097,協昇汽車有限公司,BSSC,BSSC,一般店,"高雄_x000D_
",高雄
L1L1C105,坤展輪胎行,BSSC,BSSC,一般店,"高雄_x000D_
",高雄
L1L1C106,聯豐宇汽車零件維檢社,BSSC,BSSC,一般店,"高雄_x000D_
",高雄
L1L1E011,冠威企業行,BSSC,BSSC,一般店,"高雄_x000D_
",高雄
L1L1E012,新力輪胎行,BSSC,BSSC,一般店,"高雄_x000D_
",高雄
L1L1E045,永益輪企業有限公司,BSSC,BSSC,一般店,"高雄_x000D_
",高雄
L1L1E070,新格輪胎行,BSSC,BSSC,一般店,"高雄_x000D_
",高雄
L1L1F001,達成輪胎企業行,BSSC,BSSC,一般店,"高雄_x000D_
",高雄
L1L1F004,穎達輪胎行,BSSC,BSSC,一般店,"高雄_x000D_
",高雄
L1L1F035,益山輪胎行,BSSC,BSSC,一般店,"高雄_x000D_
",高雄
L1L1F057,長春輪胎行,BSSC,BSSC,一般店,"高雄_x000D_
",高雄
L1L1F073,大中輪胎行,BSSC,BSSC,一般店,"高雄_x000D_
",高雄
L1L1F087,九勁有限公司,BSSC,BSSC,一般店,"高雄_x000D_
",高雄
L1L1G019,大順昌輪胎有限公司,BSSC,BSSC,一般店,"高雄_x000D_
",高雄
L1L1G031,統全汽車企業行,BSSC,BSSC,一般店,"高雄_x000D_
",高雄
H0G1B001,利丞輪胎行,BSSC,BSSC,一般店,"台中_x000D_
",台中
L1L1H013,弘揚輪胎行,BSSC,BSSC,一般店,"高雄_x000D_
",高雄
N1N1B011,榮昌輪胎行,BSSC,BSSC,一般店,"高雄_x000D_
",屏東
N1N1B014,大和輪胎行,BSSC,BSSC,一般店,"高雄_x000D_
",屏東
N1N1B025,合陽汽車修配廠,BSSC,BSSC,一般店,"高雄_x000D_
",屏東
N1N1B027,日順輪胎行,BSSC,BSSC,一般店,"高雄_x000D_
",屏東
N1N1B028,信陽輪胎服務場,BSSC,BSSC,一般店,"高雄_x000D_
",屏東
N1N1B031,聯勝企業行,BSSC,BSSC,一般店,"高雄_x000D_
",屏東
N1N1B053,精緻汽車企業社,BSSC,BSSC,一般店,"高雄_x000D_
",屏東
N1N1B067,仁宏輪胎行,BSSC,BSSC,一般店,"高雄_x000D_
",屏東
N1N1B125,榮穩輪胎行,BSSC,BSSC,一般店,"高雄_x000D_
",屏東
N1N1B142,瑞宏企業社,BSSC,BSSC,一般店,"高雄_x000D_
",屏東
N1N1C002,德榮輪胎修理處,BSSC,BSSC,一般店,"高雄_x000D_
",屏東
N1N1C012,永成輪胎行,BSSC,BSSC,一般店,"高雄_x000D_
",屏東
N1N1C032,佳興定位輪胎企業社,BSSC,BSSC,一般店,"高雄_x000D_
",屏東
N1N1D013,三益輪胎行,BSSC,BSSC,一般店,"高雄_x000D_
",屏東
N1N1A012,鴻泰輪胎有限公司,BSSC,BSSC,一般店,"高雄_x000D_
",屏東
N1N1A027,昆豐輪胎店,BSSC,BSSC,一般店,"高雄_x000D_
",屏東
N1N1A059,昱勝企業社,BSSC,BSSC,一般店,"高雄_x000D_
",屏東
C2B10942,益豐-倉庫,BSSC,BSSC,一般店,"北區_x000D_
",蘆洲
F1F10057,正益,BSSC,BSSC,一般店,"北區_x000D_
",頭份
J1J10364,順正,BSSC,BSSC,一般店,"嘉義_x000D_
",嘉義
C1A10346,千益輪胎行,BSSC,BSSC,一般店,"北區_x000D_
",鶯歌
L1L1B047,來興輪胎行,BSSC,BSSC,一般店,"高雄_x000D_
",高雄
N1N1C018,國成輪胎行,BSSC,BSSC,一般店,"高雄_x000D_
",屏東
K1K10177,冠中輪胎行,BSSC,BSSC,一般店,"台南_x000D_
",台南
E1E10242,德安輪胎行,BSSC,BSSC,一般店,"北區_x000D_
",桃園
C1C10041,中山輪胎行,BSSC,BSSC,一般店,"北區_x000D_
",鶯歌
C1C10112,東勝輪胎有限公司,BSSC,BSSC,一般店,"北區_x000D_
",鶯歌
C1C10184,威?有限公司,BSSC,BSSC,一般店,"北區_x000D_
",鶯歌
C2A10052,驊慶有限公司,BSSC,BSSC,一般店,"北區_x000D_
",蘆洲
F1F10518,享冠實業社,BSSC,BSSC,一般店,"北區_x000D_
",桃園
H0G1C030,塑騰貿易有限公司,BSSC,BSSC,一般店,"台中_x000D_
",台中
J1J10268,上順車業行,BSSC,BSSC,一般店,"嘉義_x000D_
",嘉義
K1K10137,中一輪胎行,BSSC,BSSC,一般店,"台南_x000D_
",台南
L1L1C081,建璋汽車企業行,BSSC,BSSC,一般店,"高雄_x000D_
",高雄
I1I1B002,宏仁,BSSC,BSSC,一般店,"台中_x000D_
",員林
C2A10088,辰鑫,BSSC,BSSC,一般店,"北區_x000D_
",蘆洲
C2A10207,永信,BSSC,BSSC,一般店,"北區_x000D_
",蘆洲
F1F10131,正新,BSSC,BSSC,一般店,"台中_x000D_
",頭份
H0G1C011,久豐,BSSC,BSSC,一般店,"台中_x000D_
",台中
L1L1D057,有進汽車,BSSC,BSSC,一般店,"高雄_x000D_
",高雄
I1I1A046,宏基,BSSC,BSSC,一般店,"台中_x000D_
",員林
J1J10112,吉興,BSSC,BSSC,一般店,"嘉義_x000D_
",嘉義
K1K10053,東興,BSSC,BSSC,一般店,"台南_x000D_
",台南
N1N1A022,南台,BSSC,BSSC,一般店,,
H0G1C032,大眾,BSSC,BSSC,一般店,"台中_x000D_
",台中
C2B10320,蘆洲三民,BSSC,BSSC,一般店,"北區_x000D_
",蘆洲
H0G1A016,宏記,BSSC,BSSC,一般店,"台中_x000D_
",台中
K1K10376,車之寶,BSSC,BSSC,一般店,"台南_x000D_
",台南
L1L1D013,瑞成,BSSC,BSSC,一般店,"高雄_x000D_
",高雄
C1C10094,蘆洲輪胎有限公司,BSSC,BSSC,一般店,"北區_x000D_
",鶯歌
H0H1B024,展利,BSSC,BSSC,一般店,"台中_x000D_
",台中
C2A10475,金城汽車材料行,BSSC,BSSC,一般店,"北區_x000D_
",蘆洲
H0G1C020,永豐輪胎行,BSSC,BSSC,一般店,"台中_x000D_
",台中
L1L1G046,宏欣輪胎行,BSSC,BSSC,一般店,"高雄_x000D_
",高雄
C2B10560,宗圓,BSSC,BSSC,一般店,"北區_x000D_
",蘆洲
K1K11020,昌奕,BSSC,BSSC,一般店,"台南_x000D_
",台南
J1J10208,南光輪胎行,BSSC,BSSC,一般店,"嘉義_x000D_
",嘉義
L1L1B082,信蒼輪胎行,BSSC,BSSC,一般店,"高雄_x000D_
",高雄
H0H1E039,順瑩輪胎行,BSSC,BSSC,一般店,"台中_x000D_
",台中
C1C10758,豪普_百樂達,BSSC,BSSC,一般店,"北區_x000D_
",鶯歌
I1I1C017,佳裕,BSSC,BSSC,一般店,"台中_x000D_
",員林
C1C10287,榮昌輪胎行,BSSC,BSSC,一般店,"北區_x000D_
",鶯歌
E1E10091,永全輪胎行,BSSC,BSSC,一般店,"北區_x000D_
",桃園
F1F10517,泰順輪胎行,BSSC,BSSC,一般店,"北區_x000D_
",頭份
L1L1C015,明祿企業社,BSSC,BSSC,一般店,"高雄_x000D_
",高雄
L1L1C062,大東輪胎行,BSSC,BSSC,一般店,"高雄_x000D_
",高雄
C1C10029,轙?汽車商行,BSSC,BSSC,一般店,"北區_x000D_
",鶯歌
E1E10009,永隆汽車商行,BSSC,BSSC,一般店,"北區_x000D_
",桃園
C2B10228,源祥企業社,BSSC,BSSC,一般店,"北區_x000D_
",蘆洲
F1F10489,華隆汽車修理股份有限公司,BSSC,BSSC,一般店,"北區_x000D_
",頭份
BC101011,捷順,FLT-REP,BSFC,FLT-REP,本社,
BC101012,亞東,FLT-REP,BSFC,FLT-REP,本社,
BC101014,盛星,FLT-REP,BSFC,FLT-REP,本社,
BC101015,太魯閣,FLT-REP,BSFC,FLT-REP,本社,
BC101016,雲林,FLT-REP,BSFC,FLT-REP,本社,
BC101017,阿里山,FLT-REP,BSFC,FLT-REP,本社,
BC101018,創奕REP,FLT-REP,BSFC,FLT-REP,本社,
BC105013,台塑,FLT-REP,BSFC,FLT-REP,本社,
BC105014,台塑汽車,FLT-REP,BSFC,FLT-REP,本社,
BC105022,台化,FLT-REP,BSFC,FLT-REP,本社,
BC106013,汎航,FLT-REP,BSFC,FLT-REP,本社,
BC108036,阿羅哈,FLT-REP,BSFC,FLT-REP,本社,
BC108037,長榮,FLT-REP,BSFC,FLT-REP,本社,
BC108040,敦峰,FLT-REP,BSFC,FLT-REP,本社,
BC108041,龍福,FLT-REP,BSFC,FLT-REP,本社,
BC109018,南亞塑膠,FLT-REP,BSFC,FLT-REP,本社,
BC111010,基隆客運,FLT-REP,BSFC,FLT-REP,本社,
BC111012,艾瑪,FLT-REP,BSFC,FLT-REP,本社,
BC111013,國光,FLT-REP,BSFC,FLT-REP,本社,
BC112014,統聯,FLT-REP,BSFC,FLT-REP,本社,
BC113027,經濟,FLT-REP,BSFC,FLT-REP,本社,
BC113029,塑化,FLT-REP,BSFC,FLT-REP,本社,
BC113030,強本,FLT-REP,BSFC,FLT-REP,本社,
BC101005,眾鈴,FLT-REP,BSFC,FLT-REP,本社,
BC101006,富民,FLT-REP,BSFC,FLT-REP,本社,
BC101008,東聯,FLT-REP,BSFC,FLT-REP,本社,
BC101009,亞泥,FLT-REP,BSFC,FLT-REP,本社,
BC108039,金龍汽車,FLT-REP,BSFC,FLT-REP,本社,
BC101010,華德動能,OE,BSFC,FLT-OE,本社,
BC101013,凱勝綠能,OE,BSFC,FLT-OE,本社,
BC105016,臺塑,OE,BSFC,FLT-OE,本社,
BC106015,成運,OE,BSFC,FLT-OE,本社,
BC106016,斯堪尼亞,OE,BSFC,FLT-OE,本社,
BC108042,金龍OE,OE,BSFC,FLT-OE,本社,
BC109020,沃爾沃,OE,BSFC,FLT-OE,本社,
BC109021,沃爾沃保養廠,OE,BSFC,FLT-OE,本社,
BC111017,乾佑,OE,BSFC,FLT-OE,本社,
BC113032,群翔,OE,BSFC,FLT-OE,本社,
BC113033,群翔上稅,OE,BSFC,FLT-OE,本社,
BC101019,創奕能源科技股份有限公司,OE,BSFC,FLT-OE,本社,
C1X0C1H1,和泰汽車股份有限公司,BSSC,BSSC,CD,"北區_x000D_
",鶯歌
E1X0E1C1,福特六和汽車股份有限公司,BSSC,BSSC,CD,"北區_x000D_
",桃園
C2X0C2E1,台灣速霸陸股份有限公司,BSSC,BSSC,CD,"北區_x000D_
",蘆洲
E1X0E1A1,中華汽車工業股份有限公司楊梅廠,BSSC,BSSC,CD,"北區_x000D_
",桃園
F1F10345,裕益汽車股份有限公司,BSSC,BSSC,CD,"台中_x000D_
",頭份
H0H1A090,旭益汽車實業股份有限公司,BSSC,BSSC,CD,"台中_x000D_
",台中
H0H1D011,旭益汽車實業股份有限公司,BSSC,BSSC,CD,"台中_x000D_
",台中
I1I1A032,旭益汽車實業股份有限公司,BSSC,BSSC,CD,"台中_x000D_
",員林
C0X0C0F1,裕益汽車彙開,BSSC,BSSC,CD,"北區_x000D_
",鶯歌
C1C10059,慶康實業股份有限公司,BSSC-FLT,BSSC,BSSC-FLT,"北區_x000D_
",鶯歌
C1C10101,至遠企業股份有限公司,BSSC-FLT,BSSC,BSSC-FLT,"北區_x000D_
",鶯歌
C1C10147,同達興實業股份有限公司,BSSC-FLT,BSSC,BSSC-FLT,"北區_x000D_
",鶯歌
C1C10160,竣達實業股份有限公司,BSSC-FLT,BSSC,BSSC-FLT,"北區_x000D_
",鶯歌
C1C10540,大漢混凝土股份有限公司,BSSC-FLT,BSSC,BSSC-FLT,"北區_x000D_
",鶯歌
C1C10562,龍翔貨櫃運輸股份有限公司,BSSC-FLT,BSSC,BSSC-FLT,"北區_x000D_
",鶯歌
C1X0C1K1,統一東京股份有限公司,BSSC-FLT,BSSC,BSSC-FLT,"北區_x000D_
",台中
C2A10048,龍福國際股份有限公司,BSSC-FLT,BSSC,BSSC-FLT,"北區_x000D_
",蘆洲
C2A10054,三重汽車客運股份有限公司,BSSC-FLT,BSSC,BSSC-FLT,"北區_x000D_
",鶯歌
C2A10126,欣欣客運股份有限公司,BSSC-FLT,BSSC,BSSC-FLT,"北區_x000D_
",蘆洲
C2A10133,明廣行,BSSC-FLT,BSSC,BSSC-FLT,"北區_x000D_
",蘆洲
C2A10145,碧國企業有限公司,BSSC-FLT,BSSC,BSSC-FLT,"北區_x000D_
",蘆洲
C2A10465,福和客運股份有限公司,BSSC-FLT,BSSC,BSSC-FLT,"北區_x000D_
",蘆洲
C2A10535,新實運輸股份有限公司,BSSC-FLT,BSSC,BSSC-FLT,"北區_x000D_
",蘆洲
C2A10536,新速運輸倉儲股份有限公司,BSSC-FLT,BSSC,BSSC-FLT,"北區_x000D_
",蘆洲
C2A10538,東亞運輸倉儲股份有限公司,BSSC-FLT,BSSC,BSSC-FLT,"北區_x000D_
",蘆洲
C2A10550,隆福行股份有限公司,BSSC-FLT,BSSC,BSSC-FLT,"北區_x000D_
",蘆洲
C2A10573,中華航空股份有限公司,BSSC-FLT,BSSC,BSSC-FLT,"北區_x000D_
",蘆洲
C2B10724,葛瑪蘭汽車客運股份有限公司,BSSC-FLT,BSSC,BSSC-FLT,"北區_x000D_
",蘆洲
C2B10761,長快物流有限公司,BSSC-FLT,BSSC,BSSC-FLT,"北區_x000D_
",蘆洲
C2B10765,漢鴻交通有限公司,BSSC-FLT,BSSC,BSSC-FLT,"北區_x000D_
",蘆洲
C2X0C2D1,統一速達股份有限公司,BSSC-FLT,BSSC,BSSC-FLT,"北區_x000D_
",蘆洲
E1E10022,環穩通運股份有限公司,BSSC-FLT,BSSC,BSSC-FLT,"北區_x000D_
",桃園
E1E10030,北方汽車運輸股份有限公司,BSSC-FLT,BSSC,BSSC-FLT,"北區_x000D_
",桃園
E1E10071,同一股份有限公司,BSSC-FLT,BSSC,BSSC-FLT,"北區_x000D_
",桃園
E1E10086,中壢汽車客運股份有限公司,BSSC-FLT,BSSC,BSSC-FLT,"北區_x000D_
",桃園
E1E10095,宏駿交通有限公司,BSSC-FLT,BSSC,BSSC-FLT,"北區_x000D_
",桃園
E1E10103,泛台貨櫃運輸股份有限公司,BSSC-FLT,BSSC,BSSC-FLT,"北區_x000D_
",桃園
E1E10104,樺台通運股份有限公司,BSSC-FLT,BSSC,BSSC-FLT,"北區_x000D_
",桃園
E1E10108,通通汽車貨櫃運輸股份有限公司,BSSC-FLT,BSSC,BSSC-FLT,"北區_x000D_
",桃園
E1E10109,快順倉儲交通股份有限公司,BSSC-FLT,BSSC,BSSC-FLT,"北區_x000D_
",桃園
E1E10110,益台通運股份有限公司,BSSC-FLT,BSSC,BSSC-FLT,"北區_x000D_
",桃園
E1E10112,松騏通運有限公司,BSSC-FLT,BSSC,BSSC-FLT,"北區_x000D_
",桃園
E1E10115,隆祥通運股份有限公司,BSSC-FLT,BSSC,BSSC-FLT,"北區_x000D_
",桃園
E1E10152,尚立通運股份有限公司,BSSC-FLT,BSSC,BSSC-FLT,"北區_x000D_
",桃園
E1E10153,紳立通運股份有限公司,BSSC-FLT,BSSC,BSSC-FLT,"北區_x000D_
",桃園
E1E10173,通德大汽車貨運(股)公司,BSSC-FLT,BSSC,BSSC-FLT,"北區_x000D_
",桃園
E1E10177,山立通運股份有限公司,BSSC-FLT,BSSC,BSSC-FLT,"北區_x000D_
",桃園
E1E10188,東立通運股份有限公司,BSSC-FLT,BSSC,BSSC-FLT,"北區_x000D_
",桃園
E1E10259,金馬貨櫃運輸股份有限公司,BSSC-FLT,BSSC,BSSC-FLT,"北區_x000D_
",桃園
E1E10261,威軍交通有限公司,BSSC-FLT,BSSC,BSSC-FLT,"北區_x000D_
",桃園
E1E10338,通得汽車貨櫃運輸(股)公司,BSSC-FLT,BSSC,BSSC-FLT,"北區_x000D_
",桃園
E1E10469,伍興交通企業股份有限公司,BSSC-FLT,BSSC,BSSC-FLT,"北區_x000D_
",桃園
E1E10527,銘鴻交通股份有限公司,BSSC-FLT,BSSC,BSSC-FLT,"北區_x000D_
",桃園
E1E10590,金車物流股份有限公司,BSSC-FLT,BSSC,BSSC-FLT,"北區_x000D_
",桃園
F1F10068,隆源運輸股份有限公司,BSSC-FLT,BSSC,BSSC-FLT,"台中_x000D_
",頭份
F1F10096,通榮汽車貨運有限公司,BSSC-FLT,BSSC,BSSC-FLT,"北區_x000D_
",頭份
F1F10147,輝宇通運股份有限公司,BSSC-FLT,BSSC,BSSC-FLT,"台中_x000D_
",頭份
F1F10397,佳霖貨櫃貨運股份有限公司,BSSC-FLT,BSSC,BSSC-FLT,"北區_x000D_
",頭份
F1F10400,苗栗汽車客運股份有限公司,BSSC-FLT,BSSC,BSSC-FLT,"北區_x000D_
",頭份
F1F10429,順華交通股份有限公司,BSSC-FLT,BSSC,BSSC-FLT,"台中_x000D_
",頭份
F1F10461,紳騏企業有限公司,BSSC-FLT,BSSC,BSSC-FLT,"台中_x000D_
",頭份
F1F10478,大甲重機托運行,BSSC-FLT,BSSC,BSSC-FLT,"台中_x000D_
",頭份
F1F10488,立城輪胎股份有限公司,BSSC-FLT,BSSC,BSSC-FLT,"台中_x000D_
",頭份
F1F10512,偉富起重工程行,BSSC-FLT,BSSC,BSSC-FLT,"台中_x000D_
",頭份
F1F10513,全通榮汽車貨運股份有限公司,BSSC-FLT,BSSC,BSSC-FLT,"北區_x000D_
",桃園
H0G1A013,欣晨交通有限公司,BSSC-FLT,BSSC,BSSC-FLT,"台中_x000D_
",台中
H0G1B009,味丹企業(股)公司,BSSC-FLT,BSSC,BSSC-FLT,"台中_x000D_
",台中
H0G1B013,順翔貨櫃通運有限公司,BSSC-FLT,BSSC,BSSC-FLT,"台中_x000D_
",台中
H0G1B018,豐崗實業有限公司,BSSC-FLT,BSSC,BSSC-FLT,"台中_x000D_
",台中
H0G1B020,舜翔貨櫃倉儲股份有限公司,BSSC-FLT,BSSC,BSSC-FLT,"台中_x000D_
",台中
H0G1B030,和臻貨櫃倉儲(股)公司,BSSC-FLT,BSSC,BSSC-FLT,"台中_x000D_
",台中
H0G1B044,志成通運有限公司,BSSC-FLT,BSSC,BSSC-FLT,"台中_x000D_
",台中
H0G1B048,永樂遊覽通運股份有限公司,BSSC-FLT,BSSC,BSSC-FLT,"台中_x000D_
",台中
H0G1B056,松進國際股份有限公司,BSSC-FLT,BSSC,BSSC-FLT,"台中_x000D_
",台中
H0G1C024,河北運輸有限公司,BSSC-FLT,BSSC,BSSC-FLT,"台中_x000D_
",台中
H0G1C026,喬烽聯通有限公司,BSSC-FLT,BSSC,BSSC-FLT,"台中_x000D_
",台中
H0G1C028,日福環保有限公司,BSSC-FLT,BSSC,BSSC-FLT,"台中_x000D_
",台中
H0G1C065,程瑋聯通有限公司,BSSC-FLT,BSSC,BSSC-FLT,"台中_x000D_
",台中
H0G1D004,佳興通運有限公司,BSSC-FLT,BSSC,BSSC-FLT,"台中_x000D_
",台中
H0G1D008,一進汽車貨運有限公司,BSSC-FLT,BSSC,BSSC-FLT,"台中_x000D_
",台中
H0G1D025,元盟交通有限公司,BSSC-FLT,BSSC,BSSC-FLT,"台中_x000D_
",台中
H0G1D035,右翔通運股份有限公司,BSSC-FLT,BSSC,BSSC-FLT,"台中_x000D_
",台中
H0G1D043,豐原汽車客運(股)公司,BSSC-FLT,BSSC,BSSC-FLT,"台中_x000D_
",台中
H0G1E022,良星交通企業股份有限公司,BSSC-FLT,BSSC,BSSC-FLT,"台中_x000D_
",台中
H0G1E025,金星汽車有限公司,BSSC-FLT,BSSC,BSSC-FLT,"台中_x000D_
",台中
H0G1E038,友星事業有限公司,BSSC-FLT,BSSC,BSSC-FLT,"台中_x000D_
",台中
H0G1E039,達盛交通有限公司,BSSC-FLT,BSSC,BSSC-FLT,"台中_x000D_
",台中
H0G1E041,港隆交通(股)公司,BSSC-FLT,BSSC,BSSC-FLT,"台中_x000D_
",台中
H0G1E049,治彥交通股份有限公司,BSSC-FLT,BSSC,BSSC-FLT,"台中_x000D_
",台中
H0G1E052,安賓交通(股)公司,BSSC-FLT,BSSC,BSSC-FLT,"台中_x000D_
",台中
H0G1E058,業信企業股份有限公司,BSSC-FLT,BSSC,BSSC-FLT,"台中_x000D_
",台中
H0G1E065,莊頭交通股份有限公司,BSSC-FLT,BSSC,BSSC-FLT,"台中_x000D_
",台中
H0G1F001,福麗通運股份有限公司,BSSC-FLT,BSSC,BSSC-FLT,"台中_x000D_
",台中
H0G1F013,南泰貨櫃運輸股份有限公司,BSSC-FLT,BSSC,BSSC-FLT,"台中_x000D_
",台中
H0G1F073,福民通運股份有限公司,BSSC-FLT,BSSC,BSSC-FLT,"台中_x000D_
",台中
H0G1F074,福瑞通運股份有限公司,BSSC-FLT,BSSC,BSSC-FLT,"台中_x000D_
",台中
H0H1B047,弘昌交通事業有限公司,BSSC-FLT,BSSC,BSSC-FLT,"台中_x000D_
",台中
H0H1B068,中統貨運企業股份有限公司,BSSC-FLT,BSSC,BSSC-FLT,"台中_x000D_
",台中
H0H1B069,仲信交通事業股份有限公司,BSSC-FLT,BSSC,BSSC-FLT,"台中_x000D_
",台中
H0H1B071,合信運輸股份有限公司,BSSC-FLT,BSSC,BSSC-FLT,"台中_x000D_
",台中
H0H1B074,臺中交通股份有限公司,BSSC-FLT,BSSC,BSSC-FLT,"台中_x000D_
",台中
H0H1C010,南投汽車客運股份有限公司,BSSC-FLT,BSSC,BSSC-FLT,"台中_x000D_
",台中
H0H1D024,昇大交通股份有限公司,BSSC-FLT,BSSC,BSSC-FLT,"台中_x000D_
",台中
H0H1D025,興陽物流股份有限公司,BSSC-FLT,BSSC,BSSC-FLT,"台中_x000D_
",台中
H0H1D036,連發交通股份有限公司,BSSC-FLT,BSSC,BSSC-FLT,"台中_x000D_
",台中
H0H1E030,久隆汽車貨運股份有限公司,BSSC-FLT,BSSC,BSSC-FLT,"台中_x000D_
",台中
H0H1E038,必捷吊車有限公司,BSSC-FLT,BSSC,BSSC-FLT,"台中_x000D_
",台中
I1I1F002,聯群交通股份有限公司,BSSC-FLT,BSSC,BSSC-FLT,"台中_x000D_
",員林
I1I1F003,大慶通運股份有限公司,BSSC-FLT,BSSC,BSSC-FLT,"台中_x000D_
",員林
I1I1F009,富懋油品實業股份有限公司,BSSC-FLT,BSSC,BSSC-FLT,"台中_x000D_
",員林
I1I1F022,松佶通運貨櫃股份有限公司,BSSC-FLT,BSSC,BSSC-FLT,"台中_x000D_
",員林
I1I1F047,幸峰混凝土有限公司,BSSC-FLT,BSSC,BSSC-FLT,"台中_x000D_
",員林
I1I1F065,員林汽車客運股份有限公司,BSSC-FLT,BSSC,BSSC-FLT,"台中_x000D_
",員林
I1I1F070,光明交通有限公司,BSSC-FLT,BSSC,BSSC-FLT,"台中_x000D_
",員林
I1I1F073,建彰混凝土股份有限公司,BSSC-FLT,BSSC,BSSC-FLT,"台中_x000D_
",員林
I1I1F074,彰化縣私立達德高級商工職業學校,BSSC-FLT,BSSC,BSSC-FLT,"台中_x000D_
",員林
J1J10323,曾文通運有限公司,BSSC-FLT,BSSC,BSSC-FLT,"嘉義_x000D_
",嘉義
J1J10340,昆達交通有限公司,BSSC-FLT,BSSC,BSSC-FLT,"嘉義_x000D_
",嘉義
J1J10380,昆?汽車貨運有限公司,BSSC-FLT,BSSC,BSSC-FLT,"嘉義_x000D_
",嘉義
J1J10400,速達興業股份有限公司,BSSC-FLT,BSSC,BSSC-FLT,"嘉義_x000D_
",嘉義
J1J10457,嘉義汽車客運股份有限公司,BSSC-FLT,BSSC,BSSC-FLT,"嘉義_x000D_
",嘉義
J1J10473,上德建材有限公司,BSSC-FLT,BSSC,BSSC-FLT,"嘉義_x000D_
",嘉義
J1J10500,弘興交通有限公司,BSSC-FLT,BSSC,BSSC-FLT,"嘉義_x000D_
",嘉義
J1J10532,省輝工業股份有限公司,BSSC-FLT,BSSC,BSSC-FLT,"嘉義_x000D_
",嘉義
J1J10539,岱祐交通有限公司,BSSC-FLT,BSSC,BSSC-FLT,"嘉義_x000D_
",嘉義
J1J10700,宏進交通股份有限公司,BSSC-FLT,BSSC,BSSC-FLT,"嘉義_x000D_
",嘉義
J1J10709,完尚貨運行,BSSC-FLT,BSSC,BSSC-FLT,"嘉義_x000D_
",嘉義
J1J10718,泉溢開發有限公司,BSSC-FLT,BSSC,BSSC-FLT,"嘉義_x000D_
",嘉義
J1J10719,新進汽車貨運股份有限公司,BSSC-FLT,BSSC,BSSC-FLT,"嘉義_x000D_
",嘉義
J1J10725,群銘企業行,BSSC-FLT,BSSC,BSSC-FLT,"嘉義_x000D_
",嘉義
J1J10745,巨揚貨運行,BSSC-FLT,BSSC,BSSC-FLT,"嘉義_x000D_
",嘉義
J1J10754,新生汽車貨運股份有限公司,BSSC-FLT,BSSC,BSSC-FLT,"嘉義_x000D_
",嘉義
J1J10762,永達運輸股份有限公司,BSSC-FLT,BSSC,BSSC-FLT,"嘉義_x000D_
",嘉義
K1K10353,泰正交通股份有限公司,BSSC-FLT,BSSC,BSSC-FLT,"台南_x000D_
",台南
K1K10929,興南汽車客運股份有限公司,BSSC-FLT,BSSC,BSSC-FLT,"台南_x000D_
",台南
K1K10946,宏興通運股份有限公司,BSSC-FLT,BSSC,BSSC-FLT,"台南_x000D_
",台南
K1K10991,大吉勝營造有限公司,BSSC-FLT,BSSC,BSSC-FLT,"台南_x000D_
",台南
K1K10999,慶安通運股份有限公司,BSSC-FLT,BSSC,BSSC-FLT,"台南_x000D_
",台南
K1K11000,東威運輸股份有限公司,BSSC-FLT,BSSC,BSSC-FLT,"台南_x000D_
",台南
K1K11006,必成運輸事業股份有限公司,BSSC-FLT,BSSC,BSSC-FLT,"台南_x000D_
",台南
K1K11009,龍族通運有限公司,BSSC-FLT,BSSC,BSSC-FLT,"台南_x000D_
",台南
K1K11017,允成通運股份有限公司,BSSC-FLT,BSSC,BSSC-FLT,"台南_x000D_
",台南
L1L1A053,振強交通股份有限公司,BSSC-FLT,BSSC,BSSC-FLT,"高雄_x000D_
",高雄
L1L1A060,惠達通運股份有限公司,BSSC-FLT,BSSC,BSSC-FLT,"高雄_x000D_
",高雄
L1L1C036,穎村通運股份有限公司,BSSC-FLT,BSSC,BSSC-FLT,"高雄_x000D_
",高雄
L1L1C037,穎和通運有限公司,BSSC-FLT,BSSC,BSSC-FLT,"高雄_x000D_
",高雄
N1N1B116,振聯股份有限公司,BSSC-FLT,BSSC,BSSC-FLT,"高雄_x000D_
",屏東
N1N1C069,鑫世宏交通事業股份有限公司,BSSC-FLT,BSSC,BSSC-FLT,"高雄_x000D_
",屏東
N1N1C082,鑫世宏重機企業有限公司,BSSC-FLT,BSSC,BSSC-FLT,"高雄_x000D_
",屏東
N1N1C099,屏東汽車客運股份有限公司,BSSC-FLT,BSSC,BSSC-FLT,"高雄_x000D_
",屏東
N1N1D014,晉昇貨櫃貨運有限公司,BSSC-FLT,BSSC,BSSC-FLT,"高雄_x000D_
",屏東
N1N1D017,建信交通股份有限公司,BSSC-FLT,BSSC,BSSC-FLT,"高雄_x000D_
",屏東
L1L1L014,華美運輸股份有限公司,BSSC-FLT,BSSC,BSSC-FLT,"高雄_x000D_
",高雄
L1L1L017,舜祥交通股份有限公司,BSSC-FLT,BSSC,BSSC-FLT,"高雄_x000D_
",高雄
L1L1L023,德運交通股份有限公司,BSSC-FLT,BSSC,BSSC-FLT,"高雄_x000D_
",高雄
L1L1L042,德雄交通事業有限公司,BSSC-FLT,BSSC,BSSC-FLT,"高雄_x000D_
",高雄
L1L1L057,萬邦通運股份有限公司,BSSC-FLT,BSSC,BSSC-FLT,"高雄_x000D_
",高雄
L1L1L068,順盟運輸有限公司,BSSC-FLT,BSSC,BSSC-FLT,"高雄_x000D_
",高雄
L1L1L070,安安汽車貨運有限公司,BSSC-FLT,BSSC,BSSC-FLT,"高雄_x000D_
",高雄
L1L1L071,上林交通股份有限公司,BSSC-FLT,BSSC,BSSC-FLT,"高雄_x000D_
",高雄
L1L1L080,七王通運股份有限公司,BSSC-FLT,BSSC,BSSC-FLT,"高雄_x000D_
",高雄
L1L1L085,錦源通運股份有限公司,BSSC-FLT,BSSC,BSSC-FLT,"高雄_x000D_
",高雄
L1L1L086,吉億通運股份有限公司,BSSC-FLT,BSSC,BSSC-FLT,"高雄_x000D_
",高雄
L1L1L087,一路發國際物流股份有限公司,BSSC-FLT,BSSC,BSSC-FLT,"高雄_x000D_
",高雄
L1L1L090,尚餘工業股份有限公司,BSSC-FLT,BSSC,BSSC-FLT,"高雄_x000D_
",高雄
L1L1L097,弘順運通有限公司,BSSC-FLT,BSSC,BSSC-FLT,"高雄_x000D_
",高雄
L1L1L099,港都汽車客運股份有限公司,BSSC-FLT,BSSC,BSSC-FLT,"高雄_x000D_
",高雄
L1L1L100,啟盛交通股份有限公司,BSSC-FLT,BSSC,BSSC-FLT,高雄,高雄
L1L1L101,德昇通運股份有限公司,BSSC-FLT,BSSC,BSSC-FLT,"高雄_x000D_
",高雄
N1N1A050,鼎東汽車客運股份有限公司,BSSC-FLT,BSSC,BSSC-FLT,"高雄_x000D_
",屏東
C1C10087,弘鉅汽車製造股份有限公司,BSSC-FLT,BSSC,BSSC-FLT,"北區_x000D_
",鶯歌
C2A10074,立達汽車貨運股份有限公司,BSSC-FLT,BSSC,BSSC-FLT,"北區_x000D_
",蘆洲
I1I1F067,盈裕汽車貨運有限公司,BSSC-FLT,BSSC,BSSC-FLT,"台中_x000D_
",員林
I1I1F078,震昌混凝土股份有限公司,BSSC-FLT,BSSC,BSSC-FLT,"台中_x000D_
",員林
J1J10328,曾文通運有限公司(誼昌)(協泰),BSSC-FLT,BSSC,BSSC-FLT,"嘉義_x000D_
",嘉義
J1J10354,曾文通運有限公司(誼昌)(協泰),BSSC-FLT,BSSC,BSSC-FLT,"嘉義_x000D_
",嘉義
L1L1L048,誼林交通事業股份有限公司,BSSC-FLT,BSSC,BSSC-FLT,"高雄_x000D_
",高雄
J1J10335,昆進汽車貨運有限公司,BSSC-FLT,BSSC,BSSC-FLT,"嘉義_x000D_
",嘉義
C2A10086,太仁,BSSC-FLT,BSSC,BSSC-FLT,"北區_x000D_
",蘆洲
L1L1L083,東聯化學股份有限公司高雄林園廠,BSSC-FLT,BSSC,BSSC-FLT,"高雄_x000D_
",高雄
H0G1B040,甲東洋土股份有限公司,BSSC-FLT,BSSC,BSSC-FLT,"台中_x000D_
",台中
J1J10772,新營汽車客運股份有限公司,BSSC-FLT,BSSC,BSSC-FLT,"嘉義_x000D_
",嘉義
E1E10180,中壢通德有限公司,BSSC-FLT,BSSC,BSSC-FLT,"北區_x000D_
",桃園
BGP02000,豐正輪胎股份有限公司,AG,BSFC,AG,本社,
BGP05100,花東輪胎有限公司,AG,BSFC,AG,本社,
BGP01000,國隆輪胎實業有限公司,AG,BSFC,AG,本社,
BGP03100,南國輪胎企業社,AG,BSFC,AG,本社,
H0H1A066,政隆輪胎行,BSSC,BSSC,一般店,"台中_x000D_
",台中
L1L1C069,禎璟輪胎實業有限公司,BSSC,BSSC,一般店,"高雄_x000D_
",高雄
C2A10246,褔聯汽車材料商行,BSSC,BSSC,一般店,"北區_x000D_
",蘆洲
I1I1A003,彰安,BSSC,BSSC,一般店,"台中_x000D_
",員林
H0H1C055,駿琳輪胎行,BSSC,BSSC,一般店,"台中_x000D_
",台中
C1C10079,元川,BSSC,BSSC,一般店,"北區_x000D_
",鶯歌
C2B10770,全益_勝安,BSSC,BSSC,A,"北區_x000D_
",蘆洲
J1J10332,奕達交通,BSSC-FLT,BSSC,BSSC-FLT,"嘉義_x000D_
",嘉義
J1J10760,萬祥,BSSC,BSSC,A,"嘉義_x000D_
",嘉義
J1J10773,合利富,BSSC-FLT,BSSC,BSSC-FLT,"嘉義_x000D_
",嘉義
K1K10314,新業豐,BSSC,BSSC,A,"台南_x000D_
",台南
K1K11021,金財源輪胎有限公司,BSSC,BSSC,A,"台南_x000D_
","台南
"
K1K11022,正豐,BSSC,BSSC,A,"台南_x000D_
",台南
L1L1A006,宏益,BSSC,BSSC,A,"高雄_x000D_
",高雄
N1N1A023,千玉,BSSC,BSSC,一般店,"高雄_x000D_
",屏東
F1F10503,中華全佑有限公司,BSSC,BSSC,BFP,北區,
N1N1B010,泰和汽車企業行,BSSC,BSSC,A,高雄,
L1L1F091,上允輪胎行,BSSC,BSSC,中盤,高雄,
J1J10143,明億輪胎行,BSSC,BSSC,A,高雄,
N1N1B017,九允有限公司,BSSC,BSSC,中盤,高雄,
F1F10191,歐琳汽車精品百貨,BSSC,BSSC,一般店,北區,
L1L1F067,永駿勝實業有限公司,BSSC,BSSC,一般店,北區,
N1N1B111,遠大輪胎行,BSSC,BSSC,一般店,北區,
K1K11019,有順輪胎行,BSSC,BSSC,A,北區,
E1990001,台灣普利司通股份有限公司,BSSC,BSSC,台灣普利司通股份有限公司,北區,
C2B10412,天母汽車材料百貨有限公司,BSSC,BSSC,一般店,北區,
H0H1D022,旭益汽車實業股份有限公司,BSSC,BSSC,量販店,北區,
J1J10306,建寶輪胎行,BSSC,BSSC,一般店,北區,
L1L1B085,仁仁汽車修護有限公司,BSSC,BSSC,一般店,北區,
E1E10483,東暘輪胎有限公司,BSSC,BSSC,一般店,北區,
L1L1A001,忠環輪胎五金行,BSSC,BSSC,一般店,北區,
E1E1A270,泰宇輪胎有限公司,BSSC,BSSC,一般店,北區,
J1J10734,裕順汽車保養廠,BSSC,BSSC,一般店,嘉義,
